期号,开奖日期,星期,号码1,号码2,号码3,号码4,号码5,号码6,号码7,号码8,号码9,号码10,号码11,号码12,号码13,号码14,号码15,号码16,号码17,号码18,号码19,号码20,和值,跨度,奇偶比,大小比
2023324,2023-12-04,周一,02,06,12,15,20,21,22,25,26,29,32,37,40,42,46,55,58,72,78,79,717,77,7:13,7:13
2023325,2023-12-05,周二,01,03,05,07,10,22,28,30,38,40,46,50,52,53,56,58,62,69,71,80,781,79,7:13,10:10
2023326,2023-12-06,周三,09,10,11,16,18,21,22,27,28,30,33,39,46,49,50,51,61,64,67,79,731,70,11:9,8:12
2023327,2023-12-07,周四,03,04,13,14,17,20,25,30,31,36,38,41,44,47,58,60,62,66,72,76,757,73,7:13,9:11
2023328,2023-12-08,周五,06,08,10,14,18,25,31,41,42,43,47,50,56,58,59,61,65,66,67,74,841,68,9:11,13:7
2023329,2023-12-09,周六,06,07,13,16,20,25,28,29,32,39,51,61,65,66,68,70,72,75,76,79,898,73,10:10,10:10
2023330,2023-12-10,周日,09,10,12,16,19,20,21,23,39,40,43,44,46,49,50,54,59,60,66,67,747,58,9:11,10:10
2023331,2023-12-11,周一,05,14,15,16,17,20,23,25,28,36,38,48,61,62,67,70,73,74,75,77,844,72,10:10,9:11
2023332,2023-12-12,周二,03,05,14,16,17,27,30,31,33,35,42,43,48,56,57,63,66,70,74,76,806,73,10:10,10:10
2023333,2023-12-13,周三,01,07,09,17,20,28,32,44,48,51,53,56,57,60,61,69,70,73,74,77,907,76,11:9,13:7
2023334,2023-12-14,周四,05,07,09,12,13,15,16,18,24,25,27,28,29,46,48,63,66,67,71,77,666,72,12:8,7:13
2023335,2023-12-15,周五,02,09,11,20,22,23,30,34,39,42,43,44,50,55,57,63,66,69,70,74,823,72,9:11,11:9
2023336,2023-12-16,周六,07,08,11,15,16,20,25,35,36,39,46,58,59,61,63,69,70,72,78,79,867,72,11:9,10:10
2023337,2023-12-17,周日,11,13,15,22,23,25,28,33,34,41,44,45,49,55,58,59,63,69,72,80,839,69,13:7,11:9
2023338,2023-12-18,周一,02,03,04,06,07,17,19,31,38,39,40,42,46,50,54,59,61,63,66,80,727,78,9:11,9:11
2023339,2023-12-19,周二,01,02,03,04,27,29,30,36,37,42,46,49,51,55,57,58,59,66,69,77,798,76,12:8,11:9
2023340,2023-12-20,周三,02,07,09,11,14,23,27,31,35,38,39,42,45,48,49,50,56,58,59,67,710,65,12:8,9:11
2023341,2023-12-21,周四,01,19,20,26,29,33,34,47,48,49,50,55,57,61,64,66,70,72,75,76,952,75,10:10,13:7
2023342,2023-12-22,周五,01,03,05,09,10,13,21,22,29,31,41,45,46,50,51,55,56,60,62,72,682,71,12:8,10:10
2023343,2023-12-23,周六,01,09,13,16,18,23,25,27,31,32,33,36,39,49,54,61,74,76,77,78,772,77,12:8,7:13
2023344,2023-12-24,周日,01,03,05,06,10,15,25,27,29,37,44,47,49,50,57,66,72,73,77,79,772,78,14:6,10:10
2023345,2023-12-25,周一,02,03,07,08,09,21,22,23,30,31,37,39,47,50,64,69,70,71,75,77,755,75,13:7,8:12
2023346,2023-12-26,周二,06,08,10,13,15,24,26,27,32,33,34,35,36,41,44,60,67,71,74,76,732,70,8:12,7:13
2023347,2023-12-27,周三,02,04,10,16,18,21,25,28,30,37,38,44,47,49,54,64,67,68,69,74,765,72,7:13,9:11
2023348,2023-12-28,周四,01,02,04,08,11,13,14,19,27,28,43,46,48,50,56,58,62,63,66,69,688,68,8:12,10:10
2023349,2023-12-29,周五,08,09,12,17,18,24,27,32,33,34,38,39,44,49,54,71,72,73,74,80,808,72,8:12,8:12
2023350,2023-12-30,周六,08,09,11,27,32,35,39,45,51,55,56,58,62,65,68,70,75,76,77,78,997,70,11:9,13:7
2023351,2023-12-31,周日,07,13,14,15,19,21,23,24,27,35,42,43,44,46,50,59,63,70,73,76,764,69,12:8,10:10
2024001,2024-01-01,周一,03,10,14,17,19,28,33,37,43,47,52,54,55,58,60,64,66,68,70,79,877,76,9:11,12:8
2024002,2024-01-02,周二,04,14,16,21,22,32,35,37,40,41,46,47,48,51,69,74,75,77,79,80,908,76,10:10,11:9
2024003,2024-01-03,周三,06,07,10,14,22,25,28,35,39,40,41,44,53,54,65,66,69,71,75,79,843,73,11:9,10:10
2024004,2024-01-04,周四,05,10,22,25,26,31,32,34,35,45,46,51,53,54,58,61,62,63,68,73,854,68,10:10,11:9
2024005,2024-01-05,周五,01,02,07,09,12,13,17,18,20,24,32,38,44,47,50,53,54,60,63,78,642,77,8:12,8:12
2024006,2024-01-06,周六,01,07,11,12,17,23,26,27,30,31,38,46,49,50,61,66,70,72,77,79,793,78,11:9,9:11
2024007,2024-01-07,周日,01,03,04,15,16,18,25,33,34,36,41,42,47,51,53,56,62,72,78,80,767,79,9:11,10:10
2024008,2024-01-08,周一,05,14,18,26,27,28,36,37,38,42,43,62,63,65,67,71,72,73,74,77,938,72,10:10,11:9
2024009,2024-01-09,周二,04,08,09,10,13,15,17,18,26,32,34,36,37,42,51,61,71,73,78,79,714,75,10:10,7:13
2024010,2024-01-10,周三,05,09,10,13,20,27,33,40,47,50,54,55,58,61,63,64,67,75,77,78,906,73,12:8,12:8
2024011,2024-01-11,周四,04,05,11,18,19,23,24,26,36,43,44,48,56,60,62,63,70,71,77,79,839,75,9:11,11:9
2024012,2024-01-12,周五,02,10,13,15,19,22,24,26,30,32,33,42,46,53,54,58,62,72,77,80,770,78,6:14,9:11
2024013,2024-01-13,周六,03,08,10,12,14,20,24,25,28,29,30,34,45,49,53,56,57,65,74,77,713,74,9:11,8:12
2024014,2024-01-14,周日,02,06,15,16,17,21,31,35,37,41,44,45,46,48,51,53,55,58,62,68,751,66,11:9,11:9
2024015,2024-01-15,周一,07,15,17,19,20,23,26,37,41,44,49,52,54,57,59,69,71,73,74,79,886,72,14:6,12:8
2024016,2024-01-16,周二,02,04,08,11,14,18,21,29,33,38,44,45,50,56,58,59,61,69,73,76,769,74,9:11,10:10
2024017,2024-01-17,周三,03,04,12,14,16,20,22,28,30,31,37,41,44,50,51,53,55,57,62,79,709,76,9:11,9:11
2024018,2024-01-18,周四,02,03,09,11,12,15,20,21,29,31,32,40,46,47,55,56,64,65,69,71,698,69,12:8,8:12
2024019,2024-01-19,周五,04,05,08,13,14,17,19,20,42,44,45,47,52,53,54,64,68,70,74,78,791,74,7:13,12:8
2024020,2024-01-20,周六,02,13,18,27,33,43,44,46,47,48,49,56,57,58,59,64,72,73,74,79,962,77,10:10,15:5
2024021,2024-01-21,周日,04,07,14,19,20,26,27,29,35,42,43,47,52,53,56,61,63,68,75,76,817,72,11:9,11:9
2024022,2024-01-22,周一,01,02,07,10,12,16,19,24,40,41,43,44,48,50,56,59,61,65,68,79,745,78,9:11,11:9
2024023,2024-01-23,周二,05,10,11,15,23,27,28,34,36,39,40,41,44,57,59,64,66,72,74,79,824,74,10:10,9:11
2024024,2024-01-24,周三,08,11,20,23,29,31,34,36,39,44,47,49,59,66,68,69,73,74,79,80,939,72,11:9,11:9
2024025,2024-01-25,周四,03,07,08,09,14,20,23,36,38,43,45,53,54,56,57,59,61,65,68,77,796,74,12:8,11:9
2024026,2024-01-26,周五,06,07,08,11,13,21,27,32,34,35,37,38,42,43,48,56,59,75,77,80,749,74,11:9,8:12
2024027,2024-01-27,周六,05,06,10,11,12,13,17,25,28,34,39,41,53,58,64,72,73,75,78,80,794,75,10:10,9:11
2024028,2024-01-28,周日,03,04,12,18,22,24,31,39,42,44,49,51,52,54,56,61,65,66,70,71,834,68,8:12,12:8
2024029,2024-01-29,周一,03,05,08,13,15,28,32,34,39,40,41,45,48,51,57,67,73,75,77,78,829,75,13:7,10:10
2024030,2024-01-30,周二,04,06,09,10,11,12,17,20,23,30,33,38,39,49,54,60,62,65,66,77,685,73,9:11,7:13
2024031,2024-01-31,周三,03,06,09,10,12,17,20,22,25,27,28,41,43,48,60,64,65,76,77,80,733,77,9:11,9:11
2024032,2024-02-01,周四,02,04,05,06,15,16,24,30,31,33,35,37,40,42,46,48,60,64,69,76,683,74,7:13,7:13
2024033,2024-02-02,周五,01,04,07,08,10,15,21,27,31,33,35,37,43,44,49,51,63,64,66,74,683,73,13:7,8:12
2024034,2024-02-03,周六,08,12,15,18,19,28,32,33,34,40,45,48,51,58,59,63,67,77,79,80,866,72,10:10,10:10
2024035,2024-02-04,周日,01,07,11,13,14,16,19,23,32,33,37,41,48,53,55,56,58,66,67,80,730,79,12:8,9:11
2024036,2024-02-05,周一,01,04,18,19,21,22,23,24,29,30,35,40,44,45,48,52,58,63,64,78,718,77,8:12,8:12
2024037,2024-02-06,周二,04,05,07,09,10,14,18,21,23,24,27,33,46,49,52,59,66,72,73,78,690,74,10:10,8:12
2024038,2024-02-07,周三,07,10,12,17,18,24,25,30,39,40,45,55,56,59,61,65,68,73,74,75,853,68,11:9,10:10
2024039,2024-02-18,周日,01,02,09,12,13,18,20,25,37,48,50,52,61,69,70,71,73,74,75,76,856,75,10:10,11:9
2024040,2024-02-19,周一,08,12,18,21,25,26,27,29,31,34,41,42,43,47,53,56,71,75,76,77,812,69,12:8,10:10
2024041,2024-02-20,周二,05,06,30,31,33,36,37,40,42,47,49,57,58,61,63,64,70,72,76,79,956,74,10:10,12:8
2024042,2024-02-21,周三,02,06,13,19,21,26,30,31,32,46,49,55,56,58,59,60,64,76,78,80,861,78,7:13,11:9
2024043,2024-02-22,周四,08,12,14,17,18,19,29,35,36,37,38,39,48,62,67,72,73,74,76,80,854,72,8:12,8:12
2024044,2024-02-23,周五,01,02,05,06,12,14,15,18,22,24,31,35,42,44,59,60,64,65,71,76,666,75,8:12,8:12
2024045,2024-02-24,周六,01,05,11,17,27,36,41,45,48,51,56,60,61,62,63,73,74,76,79,80,966,79,12:8,14:6
2024046,2024-02-25,周日,01,06,11,15,18,22,23,24,27,28,29,32,37,40,42,51,56,64,69,77,672,76,10:10,6:14
2024047,2024-02-26,周一,02,13,14,21,22,29,31,32,33,35,36,37,49,55,57,58,63,76,77,78,818,76,12:8,8:12
2024048,2024-02-27,周二,05,07,10,11,16,18,24,30,33,37,41,60,61,64,66,69,71,74,76,80,853,75,9:11,10:10
2024049,2024-02-28,周三,07,08,17,21,23,25,26,29,32,33,46,50,51,52,56,59,69,71,73,76,824,69,12:8,10:10
2024050,2024-02-29,周四,04,07,09,13,17,25,26,27,32,41,43,44,48,57,59,61,62,73,77,78,803,74,13:7,11:9
2024051,2024-03-01,周五,07,16,26,27,29,32,35,38,42,43,44,49,51,52,53,55,57,58,72,73,859,66,11:9,12:8
2024052,2024-03-02,周六,05,08,09,17,27,29,42,43,52,53,56,57,60,61,62,64,68,69,77,80,939,75,11:9,14:6
2024053,2024-03-03,周日,02,04,05,10,21,23,25,31,33,35,37,46,53,62,63,69,75,78,79,80,831,78,13:7,9:11
2024054,2024-03-04,周一,04,05,09,10,12,17,19,21,22,30,32,33,35,37,50,54,57,69,75,78,669,74,11:9,6:14
2024055,2024-03-05,周二,04,08,09,11,22,23,26,29,47,48,49,52,62,64,65,68,70,71,72,79,879,75,9:11,12:8
2024056,2024-03-06,周三,01,06,08,10,18,21,22,24,35,40,41,47,51,55,66,70,74,75,77,78,819,77,9:11,10:10
2024057,2024-03-07,周四,07,10,16,17,20,21,25,30,36,37,39,42,45,47,63,66,67,71,74,76,809,69,11:9,9:11
2024058,2024-03-08,周五,05,09,13,16,18,19,20,22,35,38,43,47,52,54,55,56,63,72,73,74,784,69,10:10,10:10
2024059,2024-03-09,周六,01,07,11,14,18,19,20,38,39,41,44,50,51,59,60,62,67,69,73,75,818,74,12:8,11:9
2024060,2024-03-10,周日,03,04,08,09,12,14,17,19,20,32,35,39,40,46,53,56,57,61,67,73,665,70,11:9,7:13
2024061,2024-03-11,周一,08,10,18,33,34,36,41,42,44,46,47,51,53,54,61,62,64,65,69,72,910,64,8:12,14:6
2024062,2024-03-12,周二,02,05,07,08,09,12,17,18,26,32,39,43,46,49,53,57,61,70,77,79,710,77,12:8,9:11
2024063,2024-03-13,周三,02,05,06,07,11,12,14,17,24,30,36,38,51,56,60,61,67,71,73,78,719,76,9:11,8:12
2024064,2024-03-14,周四,02,10,23,24,27,28,29,32,33,35,36,38,52,54,67,70,72,73,74,80,859,78,7:13,8:12
2024065,2024-03-15,周五,11,12,14,19,21,30,32,36,39,41,42,43,48,53,63,65,69,70,75,80,863,69,11:9,11:9
2024066,2024-03-16,周六,07,10,18,21,23,26,34,35,36,37,42,44,45,47,50,53,68,70,73,80,819,73,9:11,10:10
2024067,2024-03-17,周日,09,10,11,18,20,22,25,30,41,46,50,54,56,63,67,68,71,74,78,80,893,71,7:13,12:8
2024068,2024-03-18,周一,02,03,05,07,10,35,38,39,43,50,52,53,56,57,58,68,70,73,77,78,874,76,10:10,12:8
2024069,2024-03-19,周二,04,07,12,22,25,32,37,39,43,47,49,52,58,62,63,67,70,73,76,80,918,76,10:10,12:8
2024070,2024-03-20,周三,07,09,10,12,13,16,18,24,25,32,38,39,61,62,63,64,72,73,77,79,794,72,10:10,8:12
2024071,2024-03-21,周四,07,08,09,11,15,16,17,19,23,33,38,42,54,57,58,65,66,72,79,80,769,73,11:9,9:11
2024072,2024-03-22,周五,01,12,13,22,27,30,33,35,36,50,58,61,63,66,67,68,69,70,73,80,934,79,10:10,11:9
2024073,2024-03-23,周六,03,12,16,18,22,24,28,36,38,39,47,50,52,53,54,63,65,67,70,77,834,74,8:12,10:10
2024074,2024-03-24,周日,14,17,18,21,27,29,30,31,34,39,44,45,49,51,53,57,58,59,78,80,834,66,12:8,10:10
2024075,2024-03-25,周一,01,09,12,17,20,23,28,30,36,40,46,51,54,56,60,61,63,68,69,80,824,79,8:12,10:10
2024076,2024-03-26,周二,04,09,10,11,16,21,22,28,29,35,38,39,43,44,45,69,70,73,74,75,755,71,11:9,8:12
2024077,2024-03-27,周三,07,08,14,15,28,29,33,43,44,49,51,52,54,55,58,60,68,71,74,77,890,70,10:10,13:7
2024078,2024-03-28,周四,01,03,06,10,19,21,28,29,34,39,46,48,49,50,57,60,63,65,69,74,771,73,11:9,10:10
2024079,2024-03-29,周五,08,13,18,21,22,23,25,29,31,33,36,44,45,48,50,57,64,65,66,80,778,72,10:10,9:11
2024080,2024-03-30,周六,09,10,11,21,27,29,37,43,44,51,56,57,61,63,64,65,66,73,76,77,940,68,14:6,13:7
2024081,2024-03-31,周日,04,10,11,12,19,22,25,31,34,46,49,57,60,62,66,68,69,73,74,76,868,72,8:12,11:9
2024082,2024-04-01,周一,05,06,15,19,21,25,33,34,50,54,55,56,57,58,59,62,69,72,75,77,902,72,12:8,12:8
2024083,2024-04-02,周二,01,03,04,11,12,13,16,17,25,34,45,46,47,50,55,63,71,72,73,77,735,76,13:7,10:10
2024084,2024-04-03,周三,03,21,23,25,34,36,37,43,44,52,54,56,59,60,66,67,73,76,77,78,984,75,10:10,13:7
2024085,2024-04-04,周四,02,06,07,10,12,14,23,32,40,43,52,53,55,58,59,70,72,74,77,78,837,76,7:13,11:9
2024086,2024-04-05,周五,09,10,12,19,21,24,26,31,35,37,41,50,51,52,56,60,63,64,71,78,810,69,10:10,10:10
2024087,2024-04-06,周六,02,07,14,22,27,29,31,33,35,40,41,42,53,60,67,70,73,74,79,80,879,78,11:9,10:10
2024088,2024-04-07,周日,05,10,16,20,24,26,27,37,39,50,51,52,56,59,60,62,66,72,75,76,883,71,7:13,11:9
2024089,2024-04-08,周一,02,10,12,15,16,28,32,33,37,38,42,48,51,57,59,63,64,71,73,78,829,76,9:11,10:10
2024090,2024-04-09,周二,06,08,09,11,14,22,26,28,31,38,47,49,53,54,56,57,58,60,65,80,772,74,8:12,10:10
2024091,2024-04-10,周三,10,13,15,17,20,22,23,24,27,37,39,42,50,53,55,57,63,65,76,77,785,67,13:7,9:11
2024092,2024-04-11,周四,09,22,23,29,32,35,39,40,42,43,45,49,54,56,59,62,66,72,77,79,933,70,11:9,12:8
2024093,2024-04-12,周五,01,08,10,12,14,15,21,27,29,34,38,40,43,52,60,61,64,67,74,79,749,78,9:11,8:12
2024094,2024-04-13,周六,03,06,07,17,19,20,21,27,30,37,42,43,51,54,55,63,65,70,72,74,776,71,12:8,10:10
2024095,2024-04-14,周日,01,16,22,24,27,28,30,34,37,38,39,43,45,52,54,58,59,60,69,73,809,72,9:11,9:11
2024096,2024-04-15,周一,02,05,15,17,22,24,28,30,32,43,56,59,61,63,65,69,74,78,79,80,902,78,10:10,11:9
2024097,2024-04-16,周二,06,07,10,13,20,22,27,28,29,34,39,44,46,53,55,62,65,68,74,76,778,70,8:12,9:11
2024098,2024-04-17,周三,01,03,05,06,07,23,25,26,31,33,36,39,40,44,51,60,63,64,67,69,693,68,13:7,7:13
2024099,2024-04-18,周四,02,12,16,20,23,31,33,34,35,39,42,45,52,53,54,58,60,66,78,79,832,77,8:12,10:10
2024100,2024-04-19,周五,03,04,11,16,18,22,27,31,33,34,41,44,50,52,58,61,62,71,78,79,795,76,9:11,10:10
2024101,2024-04-20,周六,01,03,16,19,20,27,32,37,42,49,54,55,57,64,69,73,76,77,78,80,929,79,11:9,12:8
2024102,2024-04-21,周日,02,11,16,17,21,22,23,26,33,34,44,49,50,58,59,63,64,68,77,78,815,76,9:11,10:10
2024103,2024-04-22,周一,10,11,17,19,25,26,35,37,38,40,45,61,63,71,73,74,75,76,77,80,953,70,13:7,10:10
2024104,2024-04-23,周二,01,02,09,11,12,14,16,20,22,23,26,30,37,45,48,52,58,59,61,65,611,64,9:11,7:13
2024105,2024-04-24,周三,03,11,19,23,25,26,27,31,41,45,46,50,54,57,59,62,65,66,74,75,859,72,13:7,12:8
2024106,2024-04-25,周四,08,09,10,13,14,15,16,17,18,21,35,38,45,50,52,58,64,71,72,75,701,67,9:11,8:12
2024107,2024-04-26,周五,06,08,14,23,27,28,29,30,38,39,40,43,47,48,62,66,68,69,70,79,834,73,8:12,9:11
2024108,2024-04-27,周六,01,03,07,09,11,23,31,33,38,40,42,46,48,50,55,60,71,78,79,80,805,79,11:9,10:10
2024109,2024-04-28,周日,12,14,15,16,19,26,28,29,32,39,41,47,56,57,62,68,70,72,75,80,858,68,8:12,10:10
2024110,2024-04-29,周一,01,02,05,08,10,13,20,32,36,44,49,51,56,57,61,62,70,72,78,79,806,78,8:12,11:9
2024111,2024-04-30,周二,04,07,08,12,15,18,26,28,31,35,36,37,40,50,58,61,64,67,71,78,746,74,8:12,7:13
2024112,2024-05-01,周三,07,11,15,19,21,29,35,37,42,45,46,50,54,55,67,68,69,70,76,78,894,71,12:8,12:8
2024113,2024-05-02,周四,03,05,09,10,13,23,27,36,38,44,48,49,50,51,56,59,64,67,69,76,797,73,11:9,11:9
2024114,2024-05-03,周五,01,05,07,10,15,16,19,24,26,34,49,53,59,60,61,66,68,69,71,78,791,77,11:9,10:10
2024115,2024-05-04,周六,02,04,08,20,22,25,28,33,35,43,45,53,54,57,63,64,65,69,70,78,838,76,10:10,11:9
2024116,2024-05-05,周日,10,18,22,30,32,34,35,40,41,42,51,60,63,64,70,71,73,74,77,80,987,70,7:13,12:8
2024117,2024-05-06,周一,05,06,10,13,16,22,24,29,33,39,40,44,45,50,56,58,60,61,69,77,757,72,9:11,9:11
2024118,2024-05-07,周二,01,09,14,16,26,34,36,43,45,47,53,55,60,62,67,68,74,75,76,80,941,79,9:11,13:7
2024119,2024-05-08,周三,06,08,09,12,24,27,37,41,44,46,50,53,54,62,63,73,75,77,78,79,918,73,10:10,13:7
2024120,2024-05-09,周四,03,10,13,18,21,22,32,33,34,41,43,46,52,53,54,57,59,65,69,77,802,74,12:8,11:9
2024121,2024-05-10,周五,05,07,14,15,16,19,26,27,31,35,39,40,41,48,49,51,55,63,68,80,729,75,13:7,8:12
2024122,2024-05-11,周六,02,03,07,09,10,12,18,27,37,39,45,46,48,52,54,64,67,70,74,78,762,76,8:12,10:10
2024123,2024-05-12,周日,02,07,12,13,14,23,37,38,41,44,45,46,48,49,58,60,63,72,73,77,822,75,10:10,12:8
2024124,2024-05-13,周一,05,06,09,11,12,15,20,21,25,27,30,40,45,48,49,53,56,72,74,76,694,71,10:10,8:12
2024125,2024-05-14,周二,05,07,08,09,11,13,16,22,26,27,29,34,37,43,44,46,50,52,61,62,602,57,10:10,7:13
2024126,2024-05-15,周三,07,12,13,14,15,27,30,33,35,38,40,44,49,56,57,58,67,68,69,71,803,64,11:9,9:11
2024127,2024-05-16,周四,07,10,21,22,24,30,33,35,37,39,40,46,47,48,50,53,60,61,63,74,800,67,10:10,9:11
2024128,2024-05-17,周五,01,09,10,14,19,28,30,31,36,37,46,49,50,53,57,60,64,67,72,75,808,74,10:10,10:10
2024129,2024-05-18,周六,09,14,24,32,35,36,37,39,40,43,44,48,49,55,56,59,62,69,71,80,902,71,10:10,11:9
2024130,2024-05-19,周日,01,03,04,08,10,15,18,20,25,30,33,36,43,45,49,51,52,56,66,70,635,69,9:11,8:12
2024131,2024-05-20,周一,02,06,07,10,11,17,33,40,41,46,55,57,58,60,66,67,69,71,72,77,865,75,11:9,12:8
2024132,2024-05-21,周二,11,12,13,19,20,22,30,32,34,36,41,42,43,55,58,61,63,65,72,74,803,63,9:11,10:10
2024133,2024-05-22,周三,01,05,17,20,21,31,36,38,39,40,41,43,46,47,53,57,58,63,66,77,799,76,13:7,10:10
2024134,2024-05-23,周四,03,05,07,08,09,15,19,29,35,46,50,55,57,58,59,63,68,69,73,78,806,75,14:6,11:9
2024135,2024-05-24,周五,07,10,17,18,27,31,42,46,52,54,56,58,59,60,62,63,70,72,74,79,957,72,7:13,14:6
2024136,2024-05-25,周六,01,02,11,16,17,20,24,29,33,36,54,58,63,65,74,75,76,77,78,79,888,78,10:10,10:10
2024137,2024-05-26,周日,02,07,11,20,24,27,29,34,38,40,47,52,53,64,68,73,75,76,78,79,897,77,9:11,10:10
2024138,2024-05-27,周一,03,09,16,17,31,32,34,35,38,40,41,43,44,56,60,63,74,77,79,80,872,77,10:10,10:10
2024139,2024-05-28,周二,02,07,09,17,20,21,31,33,34,36,39,41,42,45,64,66,67,68,71,74,787,72,11:9,9:11
2024140,2024-05-29,周三,01,02,05,09,12,18,19,25,27,29,30,32,34,44,49,51,56,74,76,78,671,77,9:11,7:13
2024141,2024-05-30,周四,02,08,09,16,17,19,24,27,28,35,41,44,46,48,52,53,56,63,66,69,723,67,9:11,10:10
2024142,2024-05-31,周五,04,17,21,23,27,41,44,46,52,57,58,59,61,65,67,71,73,78,79,80,1023,76,13:7,15:5
2024143,2024-06-01,周六,03,07,18,19,20,26,27,33,36,44,46,51,56,62,66,68,69,74,79,80,884,77,8:12,11:9
2024144,2024-06-02,周日,01,04,05,07,08,09,10,11,13,18,24,27,43,48,62,66,71,75,76,78,656,77,10:10,8:12
2024145,2024-06-03,周一,01,03,05,20,30,32,34,35,41,43,45,49,52,58,59,62,66,68,75,79,857,78,11:9,12:8
2024146,2024-06-04,周二,01,09,11,12,13,16,21,24,26,29,30,32,34,35,38,39,44,49,68,75,606,74,10:10,4:16
2024147,2024-06-05,周三,12,13,19,22,26,29,33,41,43,44,45,49,50,51,53,62,64,66,67,68,857,56,11:9,13:7
2024148,2024-06-06,周四,01,02,03,05,06,09,17,19,20,28,39,43,44,45,48,50,52,59,66,67,623,66,11:9,9:11
2024149,2024-06-07,周五,04,06,07,09,13,15,18,19,25,26,30,43,46,48,53,56,60,63,76,79,696,75,10:10,9:11
2024150,2024-06-08,周六,02,06,11,16,17,22,25,29,30,34,35,45,46,57,58,64,71,75,79,80,802,78,10:10,9:11
2024151,2024-06-09,周日,09,13,20,25,26,27,28,35,49,53,55,56,63,66,67,68,71,74,79,80,964,71,12:8,12:8
2024152,2024-06-10,周一,08,10,11,16,18,19,21,23,30,40,46,50,54,57,58,60,62,66,68,80,797,72,5:15,10:10
2024153,2024-06-11,周二,04,09,15,20,21,25,30,32,38,39,41,43,44,49,52,53,57,72,77,80,801,76,11:9,10:10
2024154,2024-06-12,周三,09,15,19,22,23,25,33,41,43,44,46,48,50,57,65,68,69,72,75,78,902,69,12:8,13:7
2024155,2024-06-13,周四,02,11,12,19,25,28,35,37,39,42,44,45,47,56,58,59,69,74,76,78,856,76,10:10,11:9
2024156,2024-06-14,周五,01,08,10,12,21,27,28,29,31,34,35,42,46,47,52,54,56,59,63,70,725,69,9:11,9:11
2024157,2024-06-15,周六,04,06,17,21,24,29,34,40,46,47,49,50,52,55,57,59,61,74,78,79,882,75,10:10,12:8
2024158,2024-06-16,周日,07,08,11,17,19,21,25,31,32,36,38,41,47,54,57,59,62,64,68,71,768,64,12:8,9:11
2024159,2024-06-17,周一,02,07,16,19,22,25,27,28,29,30,36,37,46,56,64,65,67,68,69,75,788,73,10:10,8:12
2024160,2024-06-18,周二,02,05,06,10,25,34,35,36,40,52,56,57,58,60,61,73,74,76,78,79,917,77,7:13,11:9
2024161,2024-06-19,周三,01,09,15,18,22,24,28,41,45,49,50,54,59,63,66,68,69,72,76,80,909,79,9:11,13:7
2024162,2024-06-20,周四,03,07,09,11,21,22,28,30,32,34,39,44,45,47,54,58,65,68,71,78,766,75,10:10,9:11
2024163,2024-06-21,周五,03,10,12,18,21,28,29,30,34,38,46,47,49,57,65,69,70,71,74,79,850,76,10:10,10:10
2024164,2024-06-22,周六,02,04,10,13,24,27,30,33,34,35,36,46,50,52,53,56,61,67,70,73,776,71,8:12,9:11
2024165,2024-06-23,周日,06,09,18,21,29,34,35,37,40,42,51,52,59,63,64,73,74,76,77,80,940,74,10:10,11:9
2024166,2024-06-24,周一,01,02,07,08,14,18,19,21,22,26,30,31,33,36,47,57,65,70,75,78,660,77,10:10,6:14
2024167,2024-06-25,周二,03,11,13,22,24,26,38,42,45,46,54,55,58,61,64,66,68,75,79,80,930,77,8:12,13:7
2024168,2024-06-26,周三,01,02,08,10,11,13,14,17,22,31,32,35,36,38,41,43,48,57,59,69,587,68,11:9,6:14
2024169,2024-06-27,周四,02,05,11,12,16,19,21,23,25,33,37,41,45,57,60,72,74,78,79,80,790,78,12:8,9:11
2024170,2024-06-28,周五,04,07,08,14,20,22,28,29,38,41,44,46,47,53,58,59,65,66,72,75,796,71,8:12,11:9
2024171,2024-06-29,周六,05,11,13,19,20,23,25,27,31,34,38,39,40,46,47,53,59,69,76,80,755,75,13:7,7:13
2024172,2024-06-30,周日,01,07,10,15,26,30,37,39,44,48,53,56,57,62,68,70,72,74,75,78,922,77,8:12,12:8
2024173,2024-07-01,周一,04,08,12,15,18,29,32,33,40,42,43,46,50,60,63,66,70,72,75,77,855,73,7:13,11:9
2024174,2024-07-02,周二,03,05,16,19,20,24,35,36,40,44,46,53,54,58,62,64,66,69,75,80,869,77,7:13,11:9
2024175,2024-07-03,周三,07,09,12,15,17,19,32,33,40,47,48,49,55,58,62,65,66,69,70,73,846,66,12:8,11:9
2024176,2024-07-04,周四,02,06,12,13,18,19,26,30,35,39,45,46,47,50,53,57,60,62,65,67,752,65,10:10,10:10
2024177,2024-07-05,周五,04,06,08,15,28,32,34,37,38,41,45,46,48,50,51,59,62,71,72,75,822,71,8:12,11:9
2024178,2024-07-06,周六,02,05,06,16,18,20,35,40,41,45,47,51,55,56,58,61,62,66,68,72,824,70,8:12,12:8
2024179,2024-07-07,周日,01,02,06,14,15,16,17,22,25,35,47,49,51,54,57,58,60,62,67,80,738,79,10:10,10:10
2024180,2024-07-08,周一,03,04,12,16,17,23,28,30,31,34,37,46,48,50,51,56,58,59,65,66,734,63,8:12,9:11
2024181,2024-07-09,周二,10,14,21,23,25,27,28,33,34,42,44,50,52,62,63,64,69,74,78,80,893,70,7:13,11:9
2024182,2024-07-10,周三,10,12,14,19,22,25,29,33,36,37,41,42,47,50,55,57,63,68,75,79,814,69,12:8,10:10
2024183,2024-07-11,周四,01,07,10,14,16,21,30,35,37,38,41,45,47,49,52,57,58,64,67,69,758,68,12:8,10:10
2024184,2024-07-12,周五,03,05,06,08,11,12,13,18,21,25,26,33,37,43,51,61,62,70,73,76,654,73,12:8,7:13
2024185,2024-07-13,周六,02,07,11,12,20,21,23,26,35,36,37,46,51,52,54,57,59,67,71,72,759,70,11:9,9:11
2024186,2024-07-14,周日,15,19,20,25,26,32,35,38,39,42,44,45,49,53,63,65,67,75,77,78,907,63,13:7,11:9
2024187,2024-07-15,周一,02,04,09,10,13,14,19,25,31,35,45,64,65,68,69,73,76,77,78,80,857,78,11:9,10:10
2024188,2024-07-16,周二,02,04,10,12,15,21,22,23,24,32,41,51,52,53,66,70,71,73,75,79,796,77,10:10,10:10
2024189,2024-07-17,周三,01,02,10,15,17,20,27,32,36,41,43,44,48,53,54,57,65,72,79,80,796,79,10:10,11:9
2024190,2024-07-18,周四,01,06,17,20,27,29,31,32,37,38,41,44,48,50,55,59,63,64,73,80,815,79,11:9,10:10
2024191,2024-07-19,周五,02,03,07,10,11,13,23,26,28,36,41,46,55,57,62,66,68,69,70,73,766,71,10:10,10:10
2024192,2024-07-20,周六,04,06,07,14,18,20,27,33,34,38,42,43,44,50,52,56,65,66,70,77,766,73,6:14,10:10
2024193,2024-07-21,周日,02,04,05,08,20,27,30,32,33,35,38,39,41,48,53,60,64,65,67,78,749,76,9:11,8:12
2024194,2024-07-22,周一,11,14,17,21,23,27,31,32,34,36,37,40,43,56,61,62,70,71,73,80,839,69,11:9,8:12
2024195,2024-07-23,周二,05,09,12,16,24,28,29,30,32,41,42,43,51,59,62,64,66,68,76,80,837,75,7:13,11:9
2024196,2024-07-24,周三,11,20,26,28,31,32,33,35,36,37,39,40,42,47,49,55,61,64,69,70,825,59,11:9,8:12
2024197,2024-07-25,周四,01,02,04,12,15,21,23,30,33,51,53,54,55,57,59,60,61,68,73,77,809,76,13:7,11:9
2024198,2024-07-26,周五,05,06,09,13,21,22,26,29,30,31,32,34,35,36,41,45,52,57,61,67,652,62,12:8,6:14
2024199,2024-07-27,周六,09,16,17,24,27,32,34,37,40,43,44,47,51,61,68,69,71,75,78,80,923,71,11:9,11:9
2024200,2024-07-28,周日,07,08,09,13,15,16,17,18,19,25,32,33,38,39,44,52,60,62,70,72,649,65,9:11,6:14
2024201,2024-07-29,周一,03,06,07,08,10,11,13,15,19,25,29,41,44,47,51,54,65,69,73,80,670,77,14:6,9:11
2024202,2024-07-30,周二,02,04,07,14,16,17,19,21,28,32,52,54,61,64,65,68,69,70,71,74,808,72,8:12,10:10
2024203,2024-07-31,周三,01,05,08,15,19,26,27,28,33,38,40,42,49,52,58,60,63,74,76,80,794,79,8:12,9:11
2024204,2024-08-01,周四,02,03,04,08,09,10,12,19,27,30,31,37,51,56,61,64,67,70,74,79,714,77,10:10,8:12
2024205,2024-08-02,周五,01,05,08,13,16,29,32,35,41,48,51,53,56,64,65,67,71,73,74,77,879,76,13:7,12:8
2024206,2024-08-03,周六,02,03,04,08,09,15,17,24,29,32,33,34,37,48,51,56,57,60,68,75,662,73,10:10,7:13
2024207,2024-08-04,周日,04,10,12,16,18,19,22,23,30,35,38,40,41,47,52,61,70,75,77,80,770,76,8:12,8:12
2024208,2024-08-05,周一,01,05,12,14,21,23,27,40,45,46,49,51,54,56,58,62,64,69,70,77,844,76,10:10,12:8
2024209,2024-08-06,周二,02,03,04,09,11,20,22,26,30,33,36,39,41,55,58,66,67,69,73,78,742,76,10:10,8:12
2024210,2024-08-07,周三,04,05,07,12,17,18,20,22,33,35,41,49,57,60,67,68,73,75,76,77,816,73,12:8,10:10
2024211,2024-08-08,周四,01,04,05,09,16,23,25,26,33,47,48,54,56,61,66,67,71,76,79,80,847,79,11:9,11:9
2024212,2024-08-09,周五,05,06,09,10,11,12,19,21,23,24,33,34,37,41,49,52,67,71,72,79,675,74,13:7,7:13
2024213,2024-08-10,周六,03,05,06,07,13,15,21,30,32,37,41,48,50,51,56,59,63,67,70,79,753,76,13:7,10:10
2024214,2024-08-11,周日,01,05,06,08,09,10,11,13,16,21,30,33,37,48,51,52,56,68,72,74,621,73,9:11,7:13
2024215,2024-08-12,周一,01,03,07,08,10,13,27,41,46,54,57,60,63,66,68,70,72,75,78,79,898,78,10:10,13:7
2024216,2024-08-13,周二,01,03,11,12,21,29,30,31,32,33,39,42,54,56,57,59,61,63,72,77,783,76,13:7,9:11
2024217,2024-08-14,周三,01,03,04,15,21,26,32,36,45,47,49,52,53,56,62,65,67,74,75,80,863,79,11:9,12:8
2024218,2024-08-15,周四,01,09,17,18,20,24,34,35,38,39,46,50,51,54,55,58,61,66,73,79,828,78,10:10,10:10
2024219,2024-08-16,周五,01,03,04,11,17,21,22,31,37,42,45,46,51,56,57,66,67,69,74,75,795,74,13:7,11:9
2024220,2024-08-17,周六,10,13,17,18,23,32,34,39,42,45,57,58,59,63,66,69,72,74,75,77,943,67,11:9,12:8
2024221,2024-08-18,周日,01,04,08,09,18,27,29,32,35,36,48,50,52,58,59,64,66,67,75,80,818,79,8:12,10:10
2024222,2024-08-19,周一,06,08,10,12,14,22,29,32,34,35,46,47,52,53,55,56,65,66,73,74,789,68,7:13,10:10
2024223,2024-08-20,周二,03,10,11,12,13,18,30,35,37,40,42,52,56,57,59,62,63,65,66,71,802,68,10:10,10:10
2024224,2024-08-21,周三,04,06,10,12,14,20,22,29,34,35,45,46,48,49,52,53,54,74,79,80,766,76,6:14,10:10
2024225,2024-08-22,周四,08,09,13,22,24,27,28,32,34,40,44,53,59,60,63,64,69,72,73,76,870,68,8:12,10:10
2024226,2024-08-23,周五,06,09,26,28,32,34,36,47,48,51,54,56,62,63,66,68,69,70,72,77,974,71,6:14,13:7
2024227,2024-08-24,周六,04,05,11,18,20,35,36,38,40,45,46,50,51,54,56,59,61,67,70,72,838,68,8:12,11:9
2024228,2024-08-25,周日,01,02,09,12,15,20,26,40,44,46,48,52,58,60,61,63,64,65,70,76,832,75,6:14,12:8
2024229,2024-08-26,周一,05,06,07,09,17,21,24,25,26,28,31,32,42,47,48,53,58,59,63,74,675,69,11:9,8:12
2024230,2024-08-27,周二,04,05,06,07,11,12,20,21,23,30,32,50,53,61,65,66,67,69,75,80,757,76,11:9,9:11
2024231,2024-08-28,周三,06,10,14,15,20,26,36,37,44,45,46,50,51,64,67,74,75,77,78,80,915,74,7:13,12:8
2024232,2024-08-29,周四,01,05,06,08,09,11,15,16,19,24,30,34,38,61,62,63,68,71,73,74,688,73,10:10,7:13
2024233,2024-08-30,周五,01,02,06,10,14,30,41,44,45,46,51,53,56,58,61,62,65,68,70,79,862,78,8:12,14:6
2024234,2024-08-31,周六,07,13,14,27,32,33,36,37,48,52,53,54,62,65,68,72,73,74,76,77,973,70,9:11,12:8
2024235,2024-09-01,周日,01,09,10,14,16,20,27,28,30,32,33,34,36,39,46,52,59,60,76,77,699,76,7:13,6:14
2024236,2024-09-02,周一,04,05,11,12,21,28,35,36,38,39,40,46,50,61,64,68,71,73,74,77,853,73,9:11,9:11
2024237,2024-09-03,周二,01,02,05,07,16,17,19,20,26,32,38,41,49,58,64,65,66,69,71,79,745,78,11:9,9:11
2024238,2024-09-04,周三,09,23,24,27,31,33,36,37,38,39,41,44,45,48,52,55,58,65,67,71,843,62,13:7,10:10
2024239,2024-09-05,周四,11,16,19,24,26,27,28,31,46,47,52,54,55,60,61,62,63,76,77,78,913,67,9:11,12:8
2024240,2024-09-06,周五,06,08,10,15,23,27,32,35,37,40,41,43,47,54,58,59,63,66,74,75,813,69,11:9,10:10
2024241,2024-09-07,周六,05,11,12,14,27,28,33,41,57,58,63,66,69,70,72,74,75,76,78,80,1009,75,9:11,13:7
2024242,2024-09-08,周日,02,19,20,26,30,34,38,40,41,46,48,51,53,54,56,62,65,68,73,80,906,78,6:14,12:8
2024243,2024-09-09,周一,05,07,09,10,11,12,14,15,17,27,37,41,42,43,46,61,64,70,73,80,684,75,12:8,9:11
2024244,2024-09-10,周二,05,15,19,21,22,24,25,29,35,42,45,47,56,63,64,67,74,75,76,79,883,74,13:7,11:9
2024245,2024-09-11,周三,02,04,06,07,17,21,23,28,29,32,35,36,42,45,55,62,66,68,72,77,727,75,9:11,8:12
2024246,2024-09-12,周四,06,09,12,13,18,19,24,28,35,36,38,39,41,42,55,57,61,71,72,76,752,70,10:10,8:12
2024247,2024-09-13,周五,22,24,26,28,31,35,37,41,42,45,48,49,50,51,54,56,57,65,66,67,894,45,10:10,13:7
2024248,2024-09-14,周六,07,08,10,11,12,16,26,34,35,43,45,46,49,50,51,53,61,63,64,69,753,62,11:9,11:9
2024249,2024-09-15,周日,03,12,19,20,22,23,26,36,43,46,51,52,55,59,69,71,72,73,76,80,908,77,10:10,12:8
2024250,2024-09-16,周一,06,08,17,23,24,25,27,29,33,36,37,45,52,53,57,64,66,69,72,73,816,67,12:8,9:11
2024251,2024-09-17,周二,04,09,12,14,18,21,22,23,24,26,29,30,41,53,58,62,69,71,72,73,731,69,9:11,8:12
2024252,2024-09-18,周三,03,08,10,16,17,18,19,25,28,29,33,35,41,43,59,60,63,66,73,75,721,72,13:7,8:12
2024253,2024-09-19,周四,13,14,17,18,19,27,29,31,37,41,43,49,53,56,59,61,65,67,68,79,846,66,16:4,11:9
2024254,2024-09-20,周五,02,04,06,10,22,24,26,27,29,36,37,43,48,50,55,56,58,59,64,76,732,74,6:14,9:11
2024255,2024-09-21,周六,09,12,13,14,16,21,22,27,29,31,32,44,49,50,52,53,62,65,72,77,750,68,10:10,9:11
2024256,2024-09-22,周日,03,07,15,21,27,28,38,44,48,62,63,64,68,70,72,73,74,75,77,79,1008,76,10:10,13:7
2024257,2024-09-23,周一,06,07,09,18,20,35,36,45,46,48,51,52,53,56,60,66,68,77,79,80,912,74,8:12,13:7
2024258,2024-09-24,周二,02,05,06,07,09,16,30,32,40,48,56,57,58,59,60,69,70,72,74,80,850,78,6:14,11:9
2024259,2024-09-25,周三,06,20,26,30,32,35,38,39,54,56,57,59,60,61,62,67,71,72,75,76,996,70,8:12,12:8
2024260,2024-09-26,周四,02,03,04,05,07,12,32,42,44,49,50,54,56,62,63,69,71,75,76,77,853,75,9:11,13:7
2024261,2024-09-27,周五,01,08,09,11,12,15,22,28,31,38,39,40,44,57,59,63,64,71,74,79,765,78,11:9,8:12
2024262,2024-09-28,周六,06,09,15,18,19,23,26,30,34,38,46,49,55,57,60,70,71,72,77,80,855,74,9:11,10:10
2024263,2024-09-29,周日,07,10,19,30,32,36,46,47,48,51,53,54,57,64,66,67,69,71,73,76,976,69,10:10,14:6
2024264,2024-09-30,周一,02,03,04,06,08,10,13,17,19,20,26,34,36,48,51,54,57,62,70,76,616,74,6:14,7:13
2024265,2024-10-05,周六,01,03,26,27,32,33,38,39,40,41,44,49,50,53,66,68,71,75,77,79,912,78,12:8,11:9
2024266,2024-10-06,周日,02,05,06,07,09,23,25,26,34,37,45,46,50,53,54,57,65,72,73,78,767,76,11:9,10:10
2024267,2024-10-07,周一,02,04,07,09,17,22,23,24,26,29,33,38,43,50,55,56,71,77,78,79,743,77,11:9,8:12
2024268,2024-10-08,周二,09,10,14,16,19,23,25,27,33,34,37,39,42,50,51,58,67,69,72,75,770,66,12:8,8:12
2024269,2024-10-09,周三,06,16,22,23,25,30,32,36,41,44,45,51,55,65,66,67,71,74,75,76,920,70,10:10,12:8
2024270,2024-10-10,周四,01,02,05,07,20,21,23,27,39,42,45,49,54,58,63,67,70,71,72,74,810,73,12:8,11:9
2024271,2024-10-11,周五,02,03,07,08,16,23,27,31,32,33,35,43,46,50,51,57,59,66,69,71,729,69,13:7,9:11
2024272,2024-10-12,周六,03,04,08,11,14,22,30,31,33,48,49,51,57,58,63,64,67,68,74,76,831,73,9:11,11:9
2024273,2024-10-13,周日,03,05,08,10,11,13,14,26,27,30,32,34,46,48,49,51,68,72,75,79,701,76,9:11,8:12
2024274,2024-10-14,周一,03,12,16,21,23,25,32,39,40,41,52,54,65,67,68,73,74,75,76,77,933,74,11:9,11:9
2024275,2024-10-15,周二,07,13,19,20,23,26,39,40,41,55,57,61,62,63,65,66,71,73,76,79,956,72,14:6,12:8
2024276,2024-10-16,周三,02,03,06,13,14,19,21,22,32,49,52,53,60,68,69,70,71,73,74,75,846,73,10:10,11:9
2024277,2024-10-17,周四,04,07,09,11,12,16,19,20,25,27,28,37,42,52,60,64,66,69,71,78,717,74,9:11,8:12
2024278,2024-10-18,周五,09,13,14,18,22,28,33,35,41,45,48,49,51,53,58,68,71,73,74,80,883,71,11:9,12:8
2024279,2024-10-19,周六,03,05,09,13,20,23,28,31,32,36,42,43,44,49,63,66,68,69,75,76,795,73,11:9,10:10
2024280,2024-10-20,周日,07,16,22,27,28,34,37,38,39,40,45,46,51,57,63,64,65,73,77,80,909,73,11:9,10:10
2024281,2024-10-21,周一,11,12,16,19,22,26,27,36,40,42,45,46,48,49,55,65,69,72,74,76,850,65,8:12,11:9
2024282,2024-10-22,周二,03,07,08,12,13,34,40,43,47,50,54,55,58,61,63,64,66,72,74,78,902,75,8:12,13:7
2024283,2024-10-23,周三,03,09,11,14,15,18,20,21,25,26,28,40,43,50,54,66,72,76,77,78,746,75,8:12,8:12
2024284,2024-10-24,周四,05,07,14,18,19,23,26,27,36,37,44,46,50,53,56,58,64,66,73,78,800,73,8:12,10:10
2024285,2024-10-25,周五,02,12,16,17,23,25,26,27,34,45,51,54,56,58,60,64,67,70,72,77,856,75,8:12,11:9
2024286,2024-10-26,周六,06,09,11,13,14,18,24,28,29,36,38,41,42,49,51,57,66,71,75,78,756,72,10:10,9:11
2024287,2024-10-27,周日,01,05,12,13,15,17,18,28,29,34,39,44,55,60,62,64,66,67,70,77,776,76,10:10,9:11
2024288,2024-10-28,周一,02,06,11,16,18,22,39,46,47,52,55,60,61,66,67,70,71,74,77,78,938,76,8:12,13:7
2024289,2024-10-29,周二,03,12,13,16,21,38,44,46,50,51,54,62,63,68,69,70,74,76,77,78,985,75,7:13,14:6
2024290,2024-10-30,周三,05,09,10,15,23,27,29,31,38,39,41,47,54,66,70,71,72,75,76,78,876,73,12:8,10:10
2024291,2024-10-31,周四,02,12,15,26,27,28,30,31,32,36,38,47,52,54,59,62,63,68,71,76,829,74,7:13,9:11
2024292,2024-11-01,周五,01,07,11,12,23,27,31,37,39,43,45,50,53,54,55,57,65,67,71,75,823,74,17:3,11:9
2024293,2024-11-02,周六,01,02,03,08,09,11,12,16,18,24,31,36,39,44,56,58,67,70,74,80,659,79,7:13,7:13
2024294,2024-11-03,周日,01,02,05,16,19,21,25,31,34,37,42,43,51,53,54,58,59,64,73,80,768,79,12:8,10:10
2024295,2024-11-04,周一,02,10,12,13,14,23,24,29,31,32,35,37,43,44,45,46,61,64,74,75,714,73,10:10,8:12
2024296,2024-11-05,周二,03,05,07,11,12,20,21,29,32,33,35,43,45,51,56,58,74,77,79,80,771,77,13:7,9:11
2024297,2024-11-06,周三,09,10,14,27,28,31,36,39,46,47,60,61,63,64,69,70,71,75,78,80,978,71,10:10,12:8
2024298,2024-11-07,周四,01,02,07,08,15,32,34,37,38,40,42,49,51,54,59,61,67,69,72,73,811,72,11:9,10:10
2024299,2024-11-08,周五,05,06,12,14,22,23,25,26,36,39,48,54,58,61,64,68,69,75,76,79,860,74,8:12,10:10
2024300,2024-11-09,周六,01,03,05,07,24,33,36,39,40,43,51,54,55,56,59,65,70,74,76,80,871,79,11:9,11:9
2024301,2024-11-10,周日,05,07,09,10,15,17,22,23,24,29,30,43,49,51,57,58,63,64,67,73,716,68,14:6,9:11
2024302,2024-11-11,周一,04,15,21,30,31,37,38,39,41,43,49,56,58,60,61,64,65,67,70,76,925,72,11:9,12:8
2024303,2024-11-12,周二,06,07,11,18,21,24,25,28,32,36,40,42,43,46,59,67,71,72,73,79,800,73,10:10,9:11
2024304,2024-11-13,周三,01,02,09,11,13,18,24,29,31,37,38,39,41,46,61,62,63,67,69,72,733,71,13:7,8:12
2024305,2024-11-14,周四,04,08,16,17,22,34,35,36,38,39,40,46,48,52,54,58,64,71,74,75,831,71,5:15,9:11
2024306,2024-11-15,周五,03,07,08,11,12,17,20,33,34,40,41,42,52,56,60,66,68,75,77,79,801,76,9:11,10:10
2024307,2024-11-16,周六,07,13,14,20,27,30,31,36,37,39,41,42,43,44,46,56,61,66,73,77,803,70,11:9,10:10
2024308,2024-11-17,周日,06,08,09,12,25,30,32,34,35,39,41,43,45,48,52,55,63,70,74,80,801,74,9:11,10:10
2024309,2024-11-18,周一,06,07,15,17,20,22,24,26,33,37,50,51,59,64,68,71,72,74,75,80,871,74,9:11,10:10
2024310,2024-11-19,周二,02,06,08,09,16,18,21,22,23,25,33,34,37,45,46,50,52,56,60,76,639,74,7:13,7:13
2024311,2024-11-20,周三,01,03,04,05,13,14,25,28,33,36,50,54,59,61,64,66,69,72,73,76,806,75,10:10,10:10
2024312,2024-11-21,周四,05,06,07,08,12,17,20,22,23,25,27,34,35,41,47,49,53,61,66,71,629,66,13:7,7:13
2024313,2024-11-22,周五,04,08,11,13,15,19,20,23,25,26,28,33,40,41,42,48,53,64,73,78,664,74,10:10,7:13
2024314,2024-11-23,周六,03,05,14,22,23,24,25,28,33,34,44,45,53,55,61,68,69,75,76,79,836,76,12:8,10:10
2024315,2024-11-24,周日,05,06,07,08,09,17,21,29,30,38,39,43,57,61,68,69,72,76,77,80,812,75,12:8,9:11
2024316,2024-11-25,周一,06,08,12,22,29,32,42,47,49,50,54,56,58,59,64,67,68,70,71,80,944,74,6:14,14:6
2024317,2024-11-26,周二,04,09,11,14,18,23,24,26,29,35,36,39,40,49,53,61,62,68,70,74,745,70,9:11,7:13
2024318,2024-11-27,周三,02,03,11,12,15,19,21,26,32,39,41,46,54,58,59,62,67,75,76,78,796,76,10:10,10:10
2024319,2024-11-28,周四,02,05,08,09,11,18,22,26,27,28,33,44,53,55,56,58,61,72,77,80,745,78,9:11,9:11
2024320,2024-11-29,周五,02,05,09,13,17,19,20,28,29,38,44,48,51,60,65,68,73,74,76,79,818,77,10:10,10:10
2024321,2024-11-30,周六,02,03,06,08,11,12,13,15,20,22,26,41,46,47,48,56,58,60,73,74,641,72,7:13,9:11
2024322,2024-12-01,周日,02,03,04,13,16,21,24,37,38,40,42,46,47,57,60,63,70,73,74,75,805,73,9:11,10:10
2024323,2024-12-02,周一,08,18,24,30,32,33,34,35,37,38,42,51,52,54,56,66,69,72,73,74,898,66,6:14,10:10
2024324,2024-12-03,周二,02,06,08,16,20,22,26,28,31,33,39,42,45,53,57,62,65,69,72,80,776,78,8:12,9:11
2024325,2024-12-04,周三,02,03,06,13,16,23,26,36,42,44,46,52,53,54,60,61,64,69,73,79,822,77,8:12,12:8
2024326,2024-12-05,周四,04,06,08,14,15,17,39,46,48,50,52,54,56,58,63,66,71,73,74,80,894,76,6:14,13:7
2024327,2024-12-06,周五,05,06,11,15,16,18,20,29,32,34,36,46,52,55,57,59,65,69,72,79,776,74,10:10,9:11
2024328,2024-12-07,周六,02,06,08,15,16,18,19,23,30,39,40,43,47,50,58,69,71,72,76,80,782,78,8:12,9:11
2024329,2024-12-08,周日,07,09,15,16,17,20,22,25,37,39,48,58,59,67,69,70,72,74,79,80,883,73,11:9,10:10
2024330,2024-12-09,周一,02,03,06,12,17,23,26,29,30,46,48,49,60,61,62,67,70,71,73,74,829,72,9:11,11:9
2024331,2024-12-10,周二,03,04,08,14,21,22,23,35,39,43,46,49,55,58,60,69,72,78,79,80,858,77,10:10,11:9
2024332,2024-12-11,周三,01,08,10,13,21,30,35,38,41,46,47,49,51,61,63,64,65,66,69,80,858,79,12:8,12:8
2024333,2024-12-12,周四,03,05,10,12,13,18,23,27,30,33,48,49,54,56,60,65,67,71,72,77,793,74,11:9,10:10
2024334,2024-12-13,周五,02,10,12,14,20,23,24,44,52,53,57,58,59,60,68,69,70,72,73,78,918,76,6:14,13:7
2024335,2024-12-14,周六,11,13,14,22,23,24,26,32,34,44,50,53,56,58,61,63,67,71,77,79,878,68,10:10,11:9
2024336,2024-12-15,周日,08,12,15,16,17,19,21,27,32,41,44,45,49,54,58,59,61,66,71,74,789,66,11:9,11:9
2024337,2024-12-16,周一,14,15,17,22,26,32,37,42,49,50,59,68,70,71,73,74,75,76,77,79,1026,65,10:10,13:7
2024338,2024-12-17,周二,01,02,04,05,07,08,09,12,14,15,19,20,25,31,41,52,56,69,71,77,538,76,12:8,6:14
2024339,2024-12-18,周三,01,02,05,07,10,12,13,16,25,32,35,38,42,50,61,64,67,72,76,80,708,79,8:12,8:12
2024340,2024-12-19,周四,02,03,07,11,18,22,25,27,38,40,46,48,57,59,60,63,64,69,76,79,814,77,10:10,10:10
2024341,2024-12-20,周五,01,02,09,10,15,28,29,31,32,42,44,50,56,58,61,62,71,75,77,78,831,77,9:11,11:9
2024342,2024-12-21,周六,04,07,09,13,15,17,25,37,39,54,58,59,60,65,67,71,72,74,75,80,901,76,13:7,11:9
2024343,2024-12-22,周日,07,22,27,28,31,34,37,42,44,45,46,49,54,57,66,67,72,76,78,80,962,73,8:12,13:7
2024344,2024-12-23,周一,02,04,07,12,19,23,25,31,33,40,42,43,56,57,58,60,63,64,73,75,787,73,11:9,10:10
2024345,2024-12-24,周二,13,23,26,34,38,39,40,43,46,48,57,58,59,64,67,70,72,73,78,80,1028,67,8:12,13:7
2024346,2024-12-25,周三,04,07,10,16,19,20,23,27,38,39,40,43,51,52,55,56,62,72,77,79,790,75,10:10,9:11
2024347,2024-12-26,周四,03,05,10,15,18,19,20,29,32,33,41,42,44,47,55,59,63,71,76,77,759,74,13:7,10:10
2024348,2024-12-27,周五,04,12,14,16,20,21,29,31,36,43,44,51,57,59,64,65,72,76,78,80,872,76,8:12,11:9
2024349,2024-12-28,周六,02,03,06,22,26,27,28,32,33,35,36,42,46,49,63,67,69,71,73,78,808,76,10:10,9:11
2024350,2024-12-29,周日,01,03,08,09,13,32,38,40,41,50,51,57,59,60,65,67,69,72,75,76,886,75,12:8,12:8
2024351,2024-12-30,周一,07,09,12,15,16,28,29,31,33,34,35,36,37,38,43,44,64,69,76,79,735,72,11:9,6:14
2024352,2024-12-31,周二,04,06,12,18,26,30,31,34,51,55,56,59,65,66,68,73,74,77,78,79,962,75,8:12,12:8
2025001,2025-01-01,周三,02,15,20,22,32,34,35,42,44,46,50,54,55,64,68,71,74,75,77,79,959,77,7:13,13:7
2025002,2025-01-02,周四,02,05,06,09,13,24,26,27,33,35,45,46,55,56,64,65,66,69,73,78,797,76,11:9,10:10
2025003,2025-01-03,周五,03,06,10,12,15,22,24,26,30,32,37,38,43,57,58,60,62,69,70,79,753,76,7:13,8:12
2025004,2025-01-04,周六,04,07,09,12,16,26,27,35,36,43,46,50,53,65,67,68,73,75,77,80,869,76,11:9,11:9
2025005,2025-01-05,周日,09,11,12,14,19,20,22,27,31,33,36,37,45,49,55,57,60,64,79,80,760,71,12:8,8:12
2025006,2025-01-06,周一,02,08,12,19,24,25,31,32,33,35,43,47,48,52,56,59,60,66,67,79,798,77,10:10,10:10
2025007,2025-01-07,周二,01,02,18,25,27,29,35,39,43,51,53,54,59,61,67,69,71,74,75,79,932,78,16:4,12:8
2025008,2025-01-08,周三,01,02,07,08,10,13,15,26,47,54,55,56,57,60,65,71,75,76,77,79,854,78,12:8,12:8
2025009,2025-01-09,周四,11,15,26,27,28,34,40,43,46,47,48,52,56,58,60,62,67,74,75,79,948,68,8:12,13:7
2025010,2025-01-10,周五,09,10,20,24,27,41,45,46,48,50,53,56,64,65,66,67,70,73,74,76,984,67,8:12,15:5
2025011,2025-01-11,周六,02,03,05,21,23,24,25,30,34,35,45,47,50,57,58,61,70,75,77,79,821,77,13:7,10:10
2025012,2025-01-12,周日,02,04,06,08,10,13,19,31,33,35,38,45,50,51,59,63,65,66,67,74,739,72,11:9,9:11
2025013,2025-01-13,周一,01,03,04,06,11,16,18,21,35,38,42,46,49,53,63,64,65,69,72,75,751,74,11:9,10:10
2025014,2025-01-14,周二,06,17,20,24,26,30,32,34,40,42,45,46,51,54,57,58,59,63,71,76,851,70,7:13,11:9
2025015,2025-01-15,周三,01,03,10,11,12,16,23,38,41,52,53,56,58,61,62,71,72,76,78,80,874,79,8:12,12:8
2025016,2025-01-16,周四,01,02,11,15,16,19,23,32,43,45,46,48,53,55,57,62,68,77,79,80,832,79,12:8,12:8
2025017,2025-01-17,周五,01,03,07,13,18,27,31,32,37,43,47,48,51,52,53,61,64,65,73,80,806,79,14:6,11:9
2025018,2025-01-18,周六,05,09,13,22,23,24,28,31,33,34,37,45,46,48,50,52,55,63,72,76,766,71,10:10,9:11
2025019,2025-01-19,周日,02,03,12,16,18,21,24,33,45,46,50,53,55,62,68,70,71,72,79,80,880,78,8:12,12:8
2025020,2025-01-20,周一,01,02,05,06,11,14,21,26,37,40,41,43,45,50,57,60,61,67,73,78,738,77,12:8,10:10
2025021,2025-01-21,周二,06,08,10,11,13,14,27,30,32,33,35,38,47,50,52,56,62,65,71,76,736,70,8:12,8:12
2025022,2025-01-22,周三,03,06,08,11,14,15,20,25,26,28,39,49,54,56,57,61,63,66,76,77,754,74,10:10,9:11
2025023,2025-01-23,周四,05,06,07,08,13,17,21,25,32,33,36,41,46,55,59,62,68,70,74,76,754,71,10:10,9:11
2025024,2025-01-24,周五,01,07,10,12,16,21,25,26,29,30,33,34,36,37,41,53,71,72,73,75,702,74,12:8,6:14
2025025,2025-01-25,周六,02,03,05,07,12,13,23,26,29,39,43,44,48,60,62,63,64,74,77,79,773,77,11:9,10:10
2025026,2025-01-26,周日,04,11,12,13,17,20,23,33,40,43,44,50,53,60,63,65,67,68,72,80,838,76,10:10,11:9
2025027,2025-02-06,周四,01,09,10,12,14,16,19,24,28,35,38,40,49,53,56,58,64,67,71,77,741,76,9:11,8:12
2025028,2025-02-07,周五,05,09,11,13,25,27,28,29,38,44,50,51,52,53,55,59,63,66,71,73,822,68,14:6,11:9
2025029,2025-02-08,周六,04,05,06,07,12,21,40,49,51,52,53,54,59,61,62,65,75,76,77,79,908,75,12:8,13:7
2025030,2025-02-09,周日,04,10,13,18,20,23,26,30,33,34,37,40,45,46,49,51,57,63,71,73,743,69,11:9,8:12
2025031,2025-02-10,周一,03,04,09,13,14,15,27,28,32,33,36,37,46,51,60,61,66,71,75,78,759,75,11:9,8:12
2025032,2025-02-11,周二,04,10,11,16,17,25,27,31,32,37,38,41,51,54,61,66,67,73,77,80,818,76,12:8,9:11
2025033,2025-02-12,周三,02,08,11,12,14,15,20,22,23,43,45,53,61,62,63,64,69,73,76,78,814,76,10:10,11:9
2025034,2025-02-13,周四,01,05,06,08,10,13,14,15,16,24,27,34,38,41,42,46,52,53,58,71,574,70,8:12,7:13
2025035,2025-02-14,周五,01,09,19,20,21,25,26,28,30,48,49,54,56,57,61,65,71,72,75,77,864,76,12:8,11:9
2025036,2025-02-15,周六,04,06,18,21,23,24,26,33,40,42,43,47,49,53,63,64,65,67,71,78,837,74,11:9,11:9
2025037,2025-02-16,周日,06,09,18,26,30,32,34,35,41,42,54,62,66,68,69,70,71,72,73,80,958,74,6:14,12:8
2025038,2025-02-17,周一,02,08,09,11,13,14,17,18,20,22,24,34,48,64,68,69,73,77,78,80,749,78,7:13,8:12
2025039,2025-02-18,周二,01,04,08,10,13,14,25,26,29,34,36,37,41,44,52,59,60,69,74,77,713,76,9:11,8:12
2025040,2025-02-19,周三,11,19,28,31,33,35,38,40,45,52,53,58,59,61,64,69,72,76,78,79,1001,68,11:9,12:8
2025041,2025-02-20,周四,05,10,12,19,26,28,38,39,41,47,49,50,53,56,62,67,71,74,75,78,900,73,10:10,12:8
2025042,2025-02-21,周五,01,02,10,19,25,27,40,41,44,48,51,57,58,59,61,62,70,71,73,74,893,73,11:9,13:7
2025043,2025-02-22,周六,02,03,05,07,09,16,22,27,29,31,33,35,43,52,59,60,61,67,70,72,703,70,13:7,8:12
2025044,2025-02-23,周日,03,06,15,18,19,31,37,40,45,46,52,54,57,60,63,66,72,74,75,80,913,77,9:11,12:8
2025045,2025-02-24,周一,09,10,15,23,25,29,30,33,34,35,40,49,53,57,64,72,73,78,79,80,888,71,12:8,9:11
2025046,2025-02-25,周二,02,11,20,30,32,36,37,39,41,45,48,51,54,61,65,68,70,73,75,76,934,74,10:10,12:8
2025047,2025-02-26,周三,02,03,13,14,20,25,27,36,37,43,47,48,51,55,58,66,71,74,76,79,845,77,11:9,11:9
2025048,2025-02-27,周四,11,12,15,20,21,28,31,32,37,39,42,44,51,55,57,66,71,73,77,79,861,68,13:7,10:10
2025049,2025-02-28,周五,03,11,15,16,20,21,24,27,28,35,42,43,44,46,53,55,57,58,66,72,736,69,10:10,10:10
2025050,2025-03-01,周六,04,10,15,17,20,23,30,31,45,46,47,53,54,57,60,70,72,74,76,77,881,73,9:11,12:8
2025051,2025-03-02,周日,02,05,06,17,18,19,24,25,26,28,31,37,39,53,58,64,65,71,78,80,746,78,10:10,7:13
2025052,2025-03-03,周一,02,06,08,09,11,15,20,22,23,26,30,35,39,43,57,58,60,64,67,77,672,75,10:10,7:13
2025053,2025-03-04,周二,01,02,04,06,08,09,18,22,30,33,36,43,49,53,55,58,61,67,69,76,700,75,10:10,9:11
2025054,2025-03-05,周三,02,07,13,20,28,39,41,43,46,49,51,56,59,60,68,73,74,77,79,80,965,78,11:9,14:6
2025055,2025-03-06,周四,05,06,07,18,19,20,31,34,35,37,43,44,50,52,56,59,61,63,77,78,795,73,11:9,10:10
2025056,2025-03-07,周五,02,08,11,12,13,15,16,20,27,32,34,39,45,47,54,55,56,71,77,79,713,77,11:9,8:12
2025057,2025-03-08,周六,02,04,06,09,13,15,18,19,20,21,28,35,48,53,54,70,72,74,75,78,714,76,8:12,8:12
2025058,2025-03-09,周日,05,07,12,17,19,23,25,26,29,38,40,45,48,53,60,64,67,69,70,79,796,74,12:8,9:11
2025059,2025-03-10,周一,02,03,04,09,17,23,27,31,33,36,37,39,42,43,49,51,55,60,74,80,715,78,13:7,8:12
2025060,2025-03-11,周二,03,07,09,11,15,16,22,24,28,34,44,47,48,51,52,70,71,73,76,78,779,75,9:11,10:10
2025061,2025-03-12,周三,03,09,10,14,23,27,34,38,39,45,50,59,63,65,70,71,72,75,76,77,920,74,12:8,11:9
2025062,2025-03-13,周四,02,04,07,10,14,19,22,24,28,33,34,35,37,39,48,53,59,62,66,68,664,66,8:12,6:14
2025063,2025-03-14,周五,02,06,07,08,13,14,18,21,37,46,47,51,54,58,59,60,63,66,67,75,772,73,10:10,11:9
2025064,2025-03-15,周六,02,08,16,19,22,24,25,29,30,32,37,39,47,50,51,58,74,76,77,79,795,77,9:11,8:12
2025065,2025-03-16,周日,01,02,05,14,16,17,20,24,29,30,35,37,38,43,48,52,58,63,72,79,683,78,9:11,7:13
2025066,2025-03-17,周一,01,12,20,21,23,24,26,29,36,37,42,45,46,51,57,58,64,68,70,74,804,73,8:12,10:10
2025067,2025-03-18,周二,02,05,23,27,29,34,35,42,45,46,48,52,53,63,64,65,66,72,74,76,921,74,9:11,13:7
2025068,2025-03-19,周三,01,03,04,07,09,12,13,18,26,27,32,40,45,50,53,67,73,74,75,79,708,78,12:8,8:12
2025069,2025-03-20,周四,05,12,13,14,20,25,31,38,41,44,61,62,63,64,68,74,75,77,78,79,944,74,10:10,12:8
2025070,2025-03-21,周五,03,04,05,09,12,20,21,26,29,33,41,55,63,65,67,72,73,74,76,80,828,77,12:8,10:10
2025071,2025-03-22,周六,01,08,09,13,14,15,17,25,34,36,48,49,52,57,60,61,62,68,74,77,780,76,10:10,10:10
2025072,2025-03-23,周日,01,06,14,25,26,32,33,35,39,40,41,46,48,49,53,54,68,72,74,78,834,77,8:12,10:10
2025073,2025-03-24,周一,02,07,09,18,20,22,23,27,32,42,48,51,53,57,58,61,65,68,75,79,817,77,11:9,11:9
2025074,2025-03-25,周二,01,02,03,04,10,13,23,24,33,34,36,50,53,54,55,60,62,67,77,79,740,78,10:10,9:11
2025075,2025-03-26,周三,04,09,12,13,20,23,25,29,38,41,45,48,50,51,53,54,55,62,68,80,780,76,10:10,11:9
2025076,2025-03-27,周四,03,10,11,16,18,21,27,28,30,35,40,43,46,47,50,54,62,66,68,72,747,69,7:13,9:11
2025077,2025-03-28,周五,01,04,07,10,13,14,16,17,21,23,35,36,43,45,47,51,53,61,69,80,646,79,14:6,8:12
2025078,2025-03-29,周六,02,05,10,16,18,19,20,22,25,33,35,38,40,54,59,62,64,73,78,80,753,78,7:13,7:13
2025079,2025-03-30,周日,03,04,13,14,15,18,20,23,24,27,28,40,48,53,59,60,68,69,70,73,729,70,9:11,8:12
2025080,2025-03-31,周一,03,05,07,09,23,25,37,39,45,54,55,56,65,67,68,69,71,72,79,80,929,77,15:5,12:8
2025081,2025-04-01,周二,01,02,05,07,10,16,20,23,41,47,48,52,53,54,63,64,71,76,78,79,810,78,10:10,12:8
2025082,2025-04-02,周三,02,05,11,25,31,34,35,42,45,46,49,51,56,58,59,71,72,75,76,78,921,76,11:9,13:7
2025083,2025-04-03,周四,02,06,08,13,18,19,22,29,43,44,47,51,56,61,63,67,71,75,77,79,851,77,13:7,12:8
2025084,2025-04-04,周五,01,06,09,13,15,24,28,30,34,38,40,43,44,48,51,57,60,70,73,75,759,74,9:11,9:11
2025085,2025-04-05,周六,02,03,05,16,18,19,32,33,35,36,37,46,47,50,56,57,60,65,68,76,761,74,9:11,9:11
2025086,2025-04-06,周日,01,05,06,12,19,33,35,37,39,44,45,48,49,51,52,53,59,68,71,80,807,79,13:7,11:9
2025087,2025-04-07,周一,01,07,08,12,14,15,19,23,25,28,35,42,54,56,58,65,68,70,73,80,753,79,9:11,9:11
2025088,2025-04-08,周二,03,04,05,07,10,18,20,24,25,36,45,47,50,53,57,63,65,70,71,75,748,72,12:8,10:10
2025089,2025-04-09,周三,02,05,08,11,12,13,16,28,30,31,34,35,44,47,50,57,58,59,65,69,674,67,10:10,8:12
2025090,2025-04-10,周四,01,03,04,08,23,26,27,34,41,46,49,53,58,64,65,67,68,74,76,79,866,78,10:10,12:8
2025091,2025-04-11,周五,03,04,07,12,23,24,26,28,30,31,33,38,39,45,52,53,59,69,74,76,726,73,10:10,7:13
2025092,2025-04-12,周六,01,02,03,05,11,28,32,37,41,46,52,54,55,58,64,71,72,76,79,80,867,79,9:11,12:8
2025093,2025-04-13,周日,05,06,11,14,17,20,21,28,29,30,39,40,48,55,58,65,66,68,69,74,763,69,9:11,8:12
2025094,2025-04-14,周一,04,10,12,13,16,18,19,27,28,36,46,51,58,63,64,65,67,69,70,79,815,75,9:11,10:10
2025095,2025-04-15,周二,05,07,10,19,24,26,29,30,32,43,47,60,61,63,66,67,71,75,77,80,892,75,12:8,11:9
2025096,2025-04-16,周三,02,10,12,20,21,26,30,32,39,40,44,46,48,54,56,67,69,72,77,80,845,78,5:15,10:10
2025097,2025-04-17,周四,01,05,07,09,12,13,25,33,34,37,41,53,56,59,60,68,70,73,76,80,812,79,12:8,10:10
2025098,2025-04-18,周五,01,06,08,11,13,15,16,20,29,35,50,54,56,59,60,63,66,68,77,79,786,78,10:10,10:10
2025099,2025-04-19,周六,12,14,19,20,21,28,34,35,36,41,47,52,55,62,65,67,71,76,77,78,910,66,10:10,11:9
2025100,2025-04-20,周日,01,03,04,06,07,13,28,33,35,37,39,50,59,63,64,65,68,69,71,79,794,78,14:6,9:11
2025101,2025-04-21,周一,01,07,18,23,27,29,30,35,48,51,55,57,59,62,64,65,66,73,75,79,924,78,14:6,12:8
2025102,2025-04-22,周二,05,06,07,11,16,18,20,23,28,38,40,42,46,47,55,58,59,64,65,70,718,65,8:12,9:11
2025103,2025-04-23,周三,03,05,07,14,22,25,28,29,33,34,35,36,37,39,45,55,59,70,71,76,723,73,13:7,6:14
2025104,2025-04-24,周四,06,07,10,16,35,38,39,42,49,51,52,53,56,57,58,64,69,70,71,72,915,66,9:11,13:7
2025105,2025-04-25,周五,01,04,08,10,14,25,27,29,32,33,34,40,45,47,54,56,58,61,68,69,715,68,9:11,8:12
2025106,2025-04-26,周六,06,10,21,23,29,32,36,37,42,44,50,53,56,57,62,63,67,70,71,77,906,71,10:10,12:8
2025107,2025-04-27,周日,07,14,22,31,34,35,36,38,42,44,48,53,54,56,63,69,70,75,77,78,946,71,8:12,12:8
2025108,2025-04-28,周一,04,09,10,15,23,25,27,29,33,36,40,42,44,50,52,53,60,65,72,74,763,70,9:11,9:11
2025109,2025-04-29,周二,01,02,05,07,17,28,30,31,32,40,46,47,52,56,57,67,68,73,75,79,813,78,11:9,10:10
2025110,2025-04-30,周三,01,02,09,13,18,21,22,24,25,27,33,34,50,53,54,57,66,67,71,74,721,73,11:9,8:12
2025111,2025-05-01,周四,01,03,11,12,13,14,15,22,31,36,38,45,46,55,58,65,70,71,73,74,753,73,11:9,9:11
2025112,2025-05-02,周五,03,08,10,15,16,19,20,24,38,46,49,52,55,63,65,71,75,76,79,80,864,77,10:10,11:9
2025113,2025-05-03,周六,02,07,12,14,19,27,45,48,50,51,53,56,59,61,64,65,67,73,74,78,925,76,11:9,14:6
2025114,2025-05-04,周日,06,08,13,16,21,23,47,48,50,51,54,57,58,63,68,69,70,78,79,80,959,74,9:11,14:6
2025115,2025-05-05,周一,02,05,08,09,12,21,26,35,37,39,40,41,44,47,48,49,67,72,77,78,757,76,11:9,9:11
2025116,2025-05-06,周二,01,05,07,08,11,14,15,20,21,22,35,41,43,49,57,59,60,65,73,80,686,79,14:6,9:11
2025117,2025-05-07,周三,04,06,10,11,15,18,20,23,30,38,40,42,54,56,57,60,69,71,74,79,777,75,7:13,9:11
2025118,2025-05-08,周四,01,02,06,12,14,15,17,20,22,27,33,35,36,48,50,53,54,68,75,77,665,76,9:11,7:13
2025119,2025-05-09,周五,02,04,05,09,12,21,22,25,29,36,42,44,51,52,54,55,74,75,76,77,765,75,9:11,10:10
2025120,2025-05-10,周六,05,15,18,25,26,28,32,33,36,38,42,44,45,48,52,53,63,65,70,73,811,68,9:11,10:10
2025121,2025-05-11,周日,01,02,05,09,19,21,32,39,41,42,44,45,56,57,62,68,73,74,77,80,847,79,11:9,12:8
2025122,2025-05-12,周一,06,07,08,11,12,17,20,23,27,28,30,32,34,35,37,47,61,68,75,78,656,72,10:10,5:15
2025123,2025-05-13,周二,01,13,15,20,21,35,37,42,44,50,51,58,63,64,65,69,70,73,75,77,943,76,13:7,13:7
2025124,2025-05-14,周三,11,12,13,15,21,23,31,34,35,39,42,48,52,53,56,58,59,62,69,80,813,69,11:9,10:10
2025125,2025-05-15,周四,04,05,06,12,18,19,21,30,33,42,44,45,49,52,53,64,71,73,78,80,799,76,9:11,11:9
2025126,2025-05-16,周五,01,07,11,15,21,29,34,36,44,45,46,53,56,63,65,69,72,73,75,79,894,78,14:6,12:8
2025127,2025-05-17,周六,07,13,16,19,22,30,34,35,38,39,40,46,47,50,52,56,58,62,67,71,802,64,8:12,9:11
2025128,2025-05-18,周日,01,02,04,09,10,14,15,17,19,24,25,37,39,46,50,53,60,63,76,80,644,79,10:10,7:13
2025129,2025-05-19,周一,02,05,14,15,19,23,24,30,39,42,44,48,55,59,64,65,66,68,69,80,831,78,9:11,11:9
2025130,2025-05-20,周二,01,05,09,19,21,22,24,26,34,36,41,46,47,48,49,50,52,62,68,75,735,74,9:11,10:10
2025131,2025-05-21,周三,02,05,14,18,20,29,33,34,36,41,43,45,48,50,51,58,62,64,74,76,803,74,7:13,11:9
2025132,2025-05-22,周四,11,13,14,22,29,34,37,39,42,43,46,47,50,55,58,61,62,65,66,70,864,59,10:10,12:8
2025133,2025-05-23,周五,02,03,07,14,15,16,21,22,23,29,42,46,48,52,55,58,65,68,79,80,745,78,9:11,10:10
2025134,2025-05-24,周六,07,12,14,22,23,28,29,34,39,43,49,50,51,52,55,57,58,61,64,73,821,66,11:9,11:9
2025135,2025-05-25,周日,05,07,10,21,22,26,30,35,38,41,42,44,47,52,61,67,70,71,75,79,843,74,11:9,11:9
2025136,2025-05-26,周一,03,08,09,11,12,16,17,19,26,40,43,46,60,64,65,67,68,74,77,78,803,75,9:11,10:10
2025137,2025-05-27,周二,02,08,10,18,20,23,25,27,34,37,39,42,52,59,68,70,72,73,74,80,833,78,7:13,9:11
2025138,2025-05-28,周三,01,06,08,10,14,17,19,21,23,26,29,34,40,43,56,57,58,65,70,77,674,76,10:10,7:13
2025139,2025-05-29,周四,05,09,11,16,24,26,27,32,33,38,43,44,45,54,58,61,62,68,69,71,796,66,10:10,10:10
2025140,2025-05-30,周五,02,07,08,14,16,19,26,29,31,34,38,41,42,44,49,54,56,59,60,78,707,76,7:13,9:11
2025141,2025-05-31,周六,09,11,12,13,14,15,16,20,21,28,29,34,39,40,43,45,48,59,67,68,631,59,11:9,6:14
2025142,2025-06-01,周日,05,06,07,12,14,19,24,25,28,33,34,35,45,47,50,56,60,66,73,79,718,74,10:10,8:12
2025143,2025-06-02,周一,01,03,12,15,16,18,23,31,35,47,49,52,56,57,58,62,63,67,75,79,819,78,13:7,11:9
2025144,2025-06-03,周二,03,05,06,08,14,17,20,21,25,26,31,32,34,36,51,52,55,57,60,67,620,64,10:10,6:14
2025145,2025-06-04,周三,04,10,28,29,31,37,39,40,43,45,52,56,58,59,61,65,68,69,70,77,941,73,11:9,12:8
2025146,2025-06-05,周四,10,12,17,22,28,33,34,41,46,50,52,60,62,63,64,65,71,73,75,79,957,69,9:11,13:7
2025147,2025-06-06,周五,06,13,21,27,29,31,32,39,43,47,51,52,53,58,61,67,69,72,79,80,930,74,14:6,12:8
2025148,2025-06-07,周六,01,04,05,07,09,11,15,16,20,21,24,27,32,43,48,52,59,64,70,71,599,70,11:9,7:13
2025149,2025-06-08,周日,01,02,03,09,15,20,24,25,28,31,32,34,35,48,58,62,64,67,70,74,702,73,8:12,7:13
2025150,2025-06-09,周一,02,05,09,11,14,16,21,24,26,28,30,38,42,52,56,61,62,70,71,74,712,72,6:14,8:12
2025151,2025-06-10,周二,04,10,12,16,19,23,27,29,31,34,43,44,49,50,54,63,65,68,77,80,798,76,10:10,10:10
2025152,2025-06-11,周三,02,03,05,11,19,22,34,35,40,46,50,51,52,55,61,63,68,72,78,80,847,78,9:11,11:9
2025153,2025-06-12,周四,01,08,10,16,19,25,27,32,36,39,42,44,46,47,50,54,55,75,76,79,781,78,9:11,10:10
2025154,2025-06-13,周五,03,04,05,06,13,14,15,16,22,30,31,33,36,46,53,57,61,66,67,76,654,73,10:10,7:13
2025155,2025-06-14,周六,07,10,12,18,27,32,34,42,46,47,48,54,58,59,61,63,73,74,75,76,916,69,8:12,13:7
2025156,2025-06-15,周日,01,03,05,08,12,13,18,19,26,28,29,32,38,50,60,68,73,75,76,80,714,79,8:12,7:13
2025157,2025-06-16,周一,07,09,16,20,25,27,28,30,31,43,49,51,52,56,58,60,61,62,73,76,834,69,10:10,11:9
2025158,2025-06-17,周二,12,13,14,22,23,28,33,36,42,43,47,51,54,55,62,65,71,72,79,80,902,68,10:10,12:8
2025159,2025-06-18,周三,11,15,17,25,27,30,31,32,36,37,41,47,50,55,60,62,65,69,71,80,861,69,13:7,10:10
2025160,2025-06-19,周四,01,04,17,19,26,27,31,35,42,45,46,47,52,57,60,61,67,69,72,80,858,79,12:8,12:8
2025161,2025-06-20,周五,08,11,14,21,28,29,35,37,41,42,44,47,50,55,56,59,69,73,75,80,874,72,12:8,12:8
2025162,2025-06-21,周六,01,02,03,08,11,13,15,20,26,29,35,37,46,49,59,60,61,64,66,71,676,70,12:8,8:12
2025163,2025-06-22,周日,03,04,07,08,19,26,31,38,39,45,51,53,56,57,59,65,68,71,74,78,852,75,12:8,11:9
2025164,2025-06-23,周一,06,13,16,22,23,26,27,31,34,40,41,57,60,67,68,70,71,76,79,80,907,74,9:11,10:10
2025165,2025-06-24,周二,03,06,08,18,19,25,29,30,31,32,37,39,40,42,44,55,63,66,69,77,733,74,11:9,7:13
2025166,2025-06-25,周三,01,04,13,16,18,22,26,28,33,34,48,49,50,51,52,54,56,66,72,73,766,72,6:14,10:10
2025167,2025-06-26,周四,07,13,20,22,27,29,30,33,34,35,36,47,63,68,70,71,72,74,75,80,906,73,10:10,9:11
2025168,2025-06-27,周五,12,13,14,24,26,27,28,29,31,37,38,46,47,48,60,64,71,74,76,78,843,66,7:13,9:11
2025169,2025-06-28,周六,03,06,13,14,17,19,23,28,34,38,41,43,47,55,58,62,70,73,74,80,798,77,10:10,10:10
2025170,2025-06-29,周日,07,09,12,13,16,19,20,21,23,31,40,42,47,52,58,62,65,66,76,80,759,73,9:11,9:11
2025171,2025-06-30,周一,01,09,16,20,21,25,27,30,32,36,37,38,40,50,52,57,66,68,75,79,779,78,9:11,7:13
2025172,2025-07-01,周二,03,08,12,15,18,23,26,33,34,35,44,45,51,52,54,55,56,68,70,74,776,71,8:12,10:10
2025173,2025-07-02,周三,01,07,13,17,22,23,38,40,41,45,46,52,53,60,66,68,69,70,71,78,880,77,10:10,12:8
2025174,2025-07-03,周四,03,04,05,12,18,19,27,37,38,39,46,48,49,59,60,62,63,75,77,78,819,75,11:9,10:10
2025175,2025-07-04,周五,01,03,09,10,15,16,20,25,30,31,37,48,50,51,54,55,60,64,68,75,722,74,10:10,9:11
2025176,2025-07-05,周六,01,02,15,19,24,25,26,29,40,41,47,48,51,56,57,66,68,71,72,78,836,77,10:10,11:9
2025177,2025-07-06,周日,02,03,05,06,09,26,32,33,34,35,36,39,46,49,59,65,69,72,76,80,776,78,10:10,8:12
2025178,2025-07-07,周一,03,04,13,20,25,27,34,36,38,39,41,42,52,54,55,64,67,77,78,79,848,76,10:10,10:10
2025179,2025-07-08,周二,11,12,13,14,16,21,22,25,26,40,45,51,55,56,58,65,67,69,72,76,814,65,10:10,10:10
2025180,2025-07-09,周三,01,08,10,11,14,20,22,25,29,38,43,47,50,54,59,60,65,66,74,80,776,79,8:12,10:10
2025181,2025-07-10,周四,02,03,08,10,12,13,19,26,32,38,39,43,46,48,53,55,69,76,78,80,750,78,8:12,9:11
2025182,2025-07-11,周五,01,04,07,08,11,17,24,30,31,35,45,49,54,59,60,73,75,76,77,80,816,79,12:8,10:10
2025183,2025-07-12,周六,01,03,05,12,15,16,18,29,30,38,41,45,47,52,53,54,57,58,63,66,703,65,11:9,10:10
2025184,2025-07-13,周日,06,18,20,22,25,32,33,35,41,43,52,55,57,65,67,68,70,72,73,75,929,69,11:9,12:8
2025185,2025-07-14,周一,02,05,07,13,18,25,27,30,33,35,39,40,46,48,50,56,63,65,74,76,752,74,10:10,8:12
2025186,2025-07-15,周二,01,04,05,13,17,19,25,26,31,36,50,51,55,56,61,63,64,71,73,77,798,76,14:6,10:10
2025187,2025-07-16,周三,01,06,12,15,25,26,28,29,30,31,32,33,34,36,47,50,55,61,73,77,701,76,11:9,6:14
2025188,2025-07-17,周四,02,06,08,10,11,15,22,28,29,30,36,38,40,46,48,58,64,70,74,77,712,75,4:16,7:13
2025189,2025-07-18,周五,10,22,26,32,34,38,43,44,50,52,55,57,58,66,69,71,72,73,76,79,1027,69,7:13,14:6
2025190,2025-07-19,周六,01,03,04,06,20,21,34,35,39,41,46,47,50,53,55,56,65,66,70,79,791,78,11:9,11:9
2025191,2025-07-20,周日,04,05,08,14,22,27,41,44,45,46,52,53,56,57,59,60,71,78,79,80,901,76,9:11,14:6
2025192,2025-07-21,周一,01,09,18,21,23,25,29,40,45,51,52,58,60,65,66,68,70,71,72,77,921,76,11:9,12:8
2025193,2025-07-22,周二,03,05,06,10,15,16,18,20,21,28,33,34,54,59,62,68,70,72,73,74,741,71,7:13,8:12
2025194,2025-07-23,周三,03,10,11,12,13,18,19,27,36,37,40,41,42,46,51,59,64,78,79,80,766,77,10:10,9:11
2025195,2025-07-24,周四,05,12,19,23,26,28,30,32,33,35,48,52,53,55,56,59,65,74,76,78,859,73,9:11,10:10
2025196,2025-07-25,周五,01,02,04,09,12,24,26,27,29,33,50,52,54,67,68,70,71,72,77,79,827,78,9:11,10:10
2025197,2025-07-26,周六,03,08,12,15,16,18,21,26,29,31,35,42,43,45,57,62,65,78,79,80,765,77,11:9,9:11
2025198,2025-07-27,周日,11,13,16,21,24,28,33,34,37,38,43,44,53,59,61,62,68,71,73,77,866,66,12:8,10:10
2025199,2025-07-28,周一,05,07,10,12,13,14,16,21,23,33,43,52,61,65,69,72,73,74,79,80,822,75,12:8,10:10
2025200,2025-07-29,周二,01,03,11,17,24,28,29,30,36,37,39,44,45,48,49,51,54,57,59,63,725,62,13:7,9:11
2025201,2025-07-30,周三,02,03,06,13,17,18,27,34,36,39,40,41,44,57,63,67,70,71,73,76,797,74,11:9,9:11
2025202,2025-07-31,周四,01,04,10,20,27,31,32,36,37,43,50,55,56,63,64,65,66,72,77,79,888,78,10:10,11:9
2025203,2025-08-01,周五,04,05,11,15,20,21,25,27,34,40,46,48,51,58,60,62,63,69,79,80,818,76,10:10,10:10
2025204,2025-08-02,周六,01,02,09,12,18,20,25,27,33,38,42,48,55,57,59,63,67,73,74,78,801,77,11:9,10:10
2025205,2025-08-03,周日,01,05,09,13,17,19,27,28,29,30,31,33,43,44,50,53,61,70,73,78,714,77,14:6,8:12
2025206,2025-08-04,周一,07,13,15,18,22,29,30,36,47,49,52,54,58,60,64,68,70,72,74,77,915,70,7:13,12:8
2025207,2025-08-05,周二,01,02,04,08,10,15,17,25,31,32,47,54,58,64,69,70,72,74,76,78,807,77,7:13,10:10
2025208,2025-08-06,周三,08,10,19,24,28,29,33,38,41,44,45,48,50,52,55,58,63,67,68,78,858,70,8:12,12:8
2025209,2025-08-07,周四,03,07,11,12,15,17,18,24,31,39,41,46,48,56,59,68,69,72,75,80,791,77,11:9,10:10
2025210,2025-08-08,周五,04,14,21,28,30,32,33,34,37,40,44,45,56,57,58,62,65,66,70,78,874,74,6:14,10:10
2025211,2025-08-09,周六,07,09,20,24,25,30,32,33,37,38,39,40,41,43,45,49,69,71,77,80,809,73,13:7,8:12
2025212,2025-08-10,周日,03,10,12,28,29,31,42,45,47,48,55,56,62,65,72,74,76,77,78,79,989,76,9:11,14:6
2025213,2025-08-11,周一,02,08,19,20,21,22,26,31,37,38,39,40,49,52,54,59,71,73,74,76,811,74,9:11,8:12
2025214,2025-08-12,周二,04,07,09,12,15,21,25,29,31,41,42,53,56,59,61,64,67,68,75,80,819,76,13:7,11:9
2025215,2025-08-13,周三,05,09,12,24,25,30,31,33,34,42,45,47,51,52,55,57,66,69,70,77,834,72,12:8,11:9
2025216,2025-08-14,周四,02,06,14,17,21,25,30,33,45,47,49,50,52,55,58,60,66,72,74,76,852,74,8:12,12:8
2025217,2025-08-15,周五,03,08,18,19,21,25,26,30,32,36,41,44,45,53,60,63,64,66,69,73,796,70,10:10,10:10
2025218,2025-08-16,周六,13,14,17,26,28,36,37,42,44,48,49,56,57,58,61,62,64,70,71,73,926,60,8:12,13:7
2025219,2025-08-17,周日,07,10,15,21,22,24,25,27,35,36,40,43,44,46,50,59,60,61,66,80,771,73,9:11,9:11
2025220,2025-08-18,周一,04,07,08,10,13,19,21,26,28,36,39,42,43,45,48,60,67,68,75,76,735,72,9:11,9:11
2025221,2025-08-19,周二,09,10,13,14,22,30,32,34,36,38,43,49,50,54,56,57,58,68,69,76,818,67,6:14,10:10
2025222,2025-08-20,周三,05,08,11,15,22,26,34,40,46,47,50,51,52,54,56,61,67,68,72,80,865,75,7:13,12:8
2025223,2025-08-21,周四,04,05,20,22,24,25,28,29,32,34,36,38,40,50,55,56,57,59,65,70,749,66,7:13,7:13
2025224,2025-08-22,周五,05,09,10,11,12,18,23,33,37,41,45,46,55,58,63,69,70,71,74,78,828,73,12:8,11:9
2025225,2025-08-23,周六,02,05,06,07,26,29,30,36,40,41,46,52,57,59,60,66,72,73,75,76,858,74,8:12,11:9
2025226,2025-08-24,周日,03,06,07,18,21,25,32,34,36,39,46,47,48,53,57,59,67,69,70,76,813,73,11:9,10:10
2025227,2025-08-25,周一,02,11,12,18,19,23,30,33,34,40,46,49,55,62,63,70,71,74,77,78,867,76,9:11,10:10
2025228,2025-08-26,周二,02,06,08,09,17,18,20,28,47,49,50,55,56,58,60,66,69,75,78,80,851,78,7:13,12:8
2025229,2025-08-27,周三,02,03,06,07,10,11,23,24,26,28,29,37,41,48,52,59,61,65,66,77,675,75,11:9,8:12
2025230,2025-08-28,周四,07,15,17,21,29,35,42,43,44,46,47,57,58,59,62,63,68,73,76,79,941,72,13:7,14:6
2025231,2025-08-29,周五,07,16,17,20,21,27,29,35,41,44,45,46,50,53,55,59,60,62,63,66,816,59,12:8,12:8
2025232,2025-08-30,周六,01,02,03,04,05,14,17,20,21,27,29,32,42,45,46,51,56,60,68,73,616,72,10:10,8:12
2025233,2025-08-31,周日,08,11,16,26,35,36,49,52,53,54,55,57,58,61,65,69,70,72,73,80,1000,72,10:10,14:6
2025234,2025-09-01,周一,06,08,09,11,14,15,25,27,33,39,40,43,46,49,52,54,61,65,70,80,747,74,11:9,9:11
2025235,2025-09-02,周二,03,08,12,13,16,29,31,38,40,43,44,52,53,57,58,60,63,69,74,79,842,76,10:10,11:9
2025236,2025-09-03,周三,02,05,12,16,21,27,39,44,53,54,56,58,60,61,62,66,72,76,77,78,939,76,7:13,13:7
2025237,2025-09-04,周四,01,03,06,13,18,22,25,26,28,32,33,41,42,45,47,63,66,73,75,80,739,79,11:9,9:11
2025238,2025-09-05,周五,12,14,15,16,17,24,25,28,29,31,38,44,46,47,49,57,59,60,61,76,748,64,10:10,9:11
2025239,2025-09-06,周六,02,03,10,12,15,21,22,27,34,35,37,38,49,51,55,65,66,70,71,76,759,74,11:9,8:12
2025240,2025-09-07,周日,08,09,11,12,15,27,35,36,43,45,49,50,51,61,64,65,68,72,78,79,878,71,12:8,12:8
2025241,2025-09-08,周一,03,07,12,13,16,18,20,28,37,47,48,50,53,61,63,68,69,75,76,80,844,77,10:10,11:9
2025242,2025-09-09,周二,02,08,11,13,15,16,20,21,23,26,35,53,65,66,69,72,73,78,79,80,825,78,11:9,9:11
2025243,2025-09-10,周三,01,04,07,18,22,25,29,30,34,37,43,49,51,53,54,55,57,67,75,77,788,76,14:6,10:10
2025244,2025-09-11,周四,02,03,06,10,12,16,23,25,28,29,34,35,38,42,44,47,58,64,73,80,669,78,7:13,7:13
2025245,2025-09-12,周五,02,07,08,11,17,19,21,22,26,28,31,40,43,44,53,63,71,74,76,80,736,78,10:10,8:12
2025246,2025-09-13,周六,01,04,08,11,26,27,30,37,46,53,55,57,62,64,65,69,72,78,79,80,924,79,10:10,12:8
2025247,2025-09-14,周日,01,03,05,06,10,11,14,23,25,32,35,36,50,51,57,58,65,72,73,76,703,75,11:9,8:12
2025248,2025-09-15,周一,06,10,21,22,28,29,32,33,34,37,43,49,51,52,55,56,57,59,67,80,821,74,11:9,10:10
2025249,2025-09-16,周二,01,06,07,12,13,15,21,25,27,30,36,40,41,45,55,57,67,72,73,77,720,76,14:6,8:12
2025250,2025-09-17,周三,01,02,06,16,20,21,23,26,27,29,30,34,40,43,59,63,65,71,79,80,735,79,11:9,7:13
2025251,2025-09-18,周四,01,02,04,14,15,23,25,26,27,30,36,39,42,44,46,52,55,62,65,66,674,65,8:12,8:12
2025252,2025-09-19,周五,13,18,19,26,27,30,33,37,41,43,47,49,53,58,61,64,68,71,73,76,907,63,13:7,12:8
2025253,2025-09-20,周六,03,10,20,23,27,30,32,35,44,48,50,51,53,56,57,63,65,68,70,72,877,69,9:11,12:8
2025254,2025-09-21,周日,16,18,20,29,32,36,37,41,52,53,54,55,56,57,65,69,70,74,75,76,985,60,9:11,13:7
2025255,2025-09-22,周一,05,13,15,21,25,26,27,31,37,39,46,50,54,56,57,59,65,70,78,79,853,74,13:7,10:10
2025256,2025-09-23,周二,08,13,18,29,34,35,39,41,43,45,46,47,57,64,68,71,73,74,75,78,958,70,12:8,13:7
2025257,2025-09-24,周三,01,08,13,15,22,34,36,38,42,43,49,50,51,65,66,67,70,71,79,80,900,79,10:10,12:8
2025258,2025-09-25,周四,01,05,10,12,16,23,25,28,29,36,40,46,51,55,58,64,66,71,76,80,792,79,8:12,9:11
2025259,2025-09-26,周五,04,07,09,19,20,30,33,35,44,45,48,49,50,51,52,70,71,72,74,78,861,74,9:11,12:8
2025260,2025-09-27,周六,03,08,10,11,13,16,21,24,27,38,41,48,54,58,59,61,62,66,69,71,760,68,10:10,10:10
2025261,2025-09-28,周日,03,10,15,17,19,22,23,25,31,35,36,42,60,61,62,65,70,73,76,77,822,74,12:8,9:11
2025262,2025-09-29,周一,08,10,14,19,27,31,33,40,42,44,46,47,49,54,58,60,67,70,75,77,871,69,9:11,12:8
2025263,2025-09-30,周二,04,05,11,13,14,20,23,24,27,32,33,42,45,55,58,62,64,70,79,80,761,76,9:11,9:11
2025264,2025-10-05,周日,06,10,15,16,20,24,25,28,34,35,37,38,42,44,45,49,54,66,69,80,737,74,7:13,8:12
2025265,2025-10-06,周一,02,09,11,16,18,27,28,35,36,38,49,52,54,60,62,64,66,72,77,78,854,76,6:14,10:10
2025266,2025-10-07,周二,01,05,09,13,16,17,25,28,29,33,34,38,45,47,48,55,62,71,73,78,727,77,13:7,8:12
2025267,2025-10-08,周三,08,13,20,21,25,34,37,39,45,47,50,57,58,60,65,71,72,75,78,79,954,71,12:8,12:8
2025268,2025-10-09,周四,05,12,16,18,19,26,31,33,38,39,41,42,49,54,59,64,65,70,73,77,831,72,11:9,10:10
2025269,2025-10-10,周五,01,08,10,15,19,20,24,30,33,43,49,50,56,57,60,67,70,73,78,80,843,79,9:11,11:9
2025270,2025-10-11,周六,02,08,10,20,21,27,28,30,33,36,43,48,49,52,60,61,64,71,75,79,817,77,9:11,10:10
2025271,2025-10-12,周日,01,03,07,15,17,20,27,37,41,42,47,48,53,54,60,62,63,68,77,78,820,77,12:8,12:8
2025272,2025-10-13,周一,03,06,09,10,11,13,14,16,20,22,25,43,47,50,60,61,62,68,73,79,692,76,10:10,9:11
2025273,2025-10-14,周二,08,09,11,13,14,18,20,24,28,30,31,32,38,39,40,46,62,64,69,70,666,62,6:14,5:15
2025274,2025-10-15,周三,02,03,10,18,26,31,33,34,46,49,50,51,54,55,60,62,74,75,76,80,889,78,7:13,12:8
2025275,2025-10-16,周四,07,09,13,14,28,32,33,34,35,37,48,50,51,56,57,59,65,69,72,76,845,69,11:9,10:10
2025276,2025-10-17,周五,03,17,21,22,24,30,33,34,41,44,45,47,48,59,61,68,69,76,78,79,899,76,11:9,12:8
2025277,2025-10-18,周六,09,11,13,14,20,22,39,43,48,52,54,55,57,64,68,69,72,73,75,80,938,71,10:10,13:7
2025278,2025-10-19,周日,04,05,07,08,10,15,17,18,22,26,30,33,39,42,48,50,63,68,72,77,654,73,8:12,7:13
2025279,2025-10-20,周一,01,05,06,14,25,32,35,40,45,47,53,62,63,67,68,70,71,72,75,78,929,77,11:9,12:8
2025280,2025-10-21,周二,06,10,14,15,16,25,32,36,46,49,50,59,64,68,70,72,73,77,78,79,939,73,7:13,12:8
2025281,2025-10-22,周三,08,15,23,24,28,34,35,36,38,43,45,49,51,53,64,67,69,71,74,75,902,67,12:8,11:9
2025282,2025-10-23,周四,05,09,12,15,16,20,22,24,26,30,35,38,39,47,49,56,62,66,72,74,717,69,7:13,7:13
2025283,2025-10-24,周五,02,04,13,19,20,23,29,31,37,40,47,52,53,54,55,63,64,65,68,69,808,67,12:8,10:10
2025284,2025-10-25,周六,10,11,14,19,20,26,29,30,35,37,40,41,45,46,59,68,70,77,78,80,835,70,9:11,9:11
2025285,2025-10-26,周日,05,06,07,09,11,19,24,27,28,29,38,39,41,45,46,63,67,68,73,80,725,75,13:7,8:12
2025286,2025-10-27,周一,06,12,14,16,22,24,25,34,38,39,41,42,43,54,57,58,61,62,68,74,790,68,6:14,10:10
2025287,2025-10-28,周二,01,06,17,18,21,22,23,24,31,32,40,43,48,49,52,57,58,60,68,79,749,78,9:11,9:11
2025288,2025-10-29,周三,04,11,15,16,22,32,37,46,47,49,51,53,54,55,60,62,70,72,73,74,903,70,9:11,13:7
2025289,2025-10-30,周四,03,06,07,10,11,13,14,15,31,35,40,41,43,45,55,57,66,72,73,75,712,72,14:6,9:11
2025290,2025-10-31,周五,08,09,10,19,20,25,26,30,32,35,40,41,45,47,49,51,54,65,68,75,749,67,11:9,9:11
2025291,2025-11-01,周六,04,07,11,17,20,22,27,29,32,34,37,48,55,64,68,69,71,73,74,78,840,74,10:10,9:11
2025292,2025-11-02,周日,01,02,03,10,11,15,16,25,38,40,43,47,50,52,57,62,64,71,78,80,765,79,9:11,10:10
2025293,2025-11-03,周一,05,07,17,19,23,34,35,37,38,41,46,53,56,63,65,66,67,69,71,79,891,74,15:5,11:9
2025294,2025-11-04,周二,01,02,08,15,21,22,24,26,27,30,38,41,43,45,46,50,61,62,70,78,710,77,8:12,9:11
2025295,2025-11-05,周三,02,07,12,13,21,22,23,24,26,34,38,43,53,57,67,69,71,72,77,80,811,78,11:9,9:11
2025296,2025-11-06,周四,07,09,11,14,23,26,31,32,36,37,42,43,48,52,53,54,55,58,64,68,763,61,9:11,10:10
2025297,2025-11-07,周五,04,08,09,11,14,19,36,40,42,48,49,52,56,59,66,68,69,73,76,79,878,75,8:12,12:8
2025298,2025-11-08,周六,03,05,08,13,15,19,20,25,26,27,28,30,33,34,37,45,47,67,69,77,628,74,14:6,5:15
2025299,2025-11-09,周日,09,10,11,19,23,25,39,41,45,51,53,54,59,60,63,65,68,69,70,75,909,66,15:5,13:7
2025300,2025-11-10,周一,04,11,20,26,29,35,37,39,47,54,55,59,63,64,65,67,70,71,72,74,962,70,12:8,12:8
2025301,2025-11-11,周二,08,09,11,13,14,18,21,30,33,34,40,44,46,51,58,62,65,67,77,78,779,70,9:11,9:11
2025302,2025-11-12,周三,01,02,08,12,14,15,24,26,27,40,43,53,59,62,65,66,68,74,77,80,816,79,8:12,10:10
2025303,2025-11-13,周四,01,02,10,11,15,25,33,43,44,50,52,54,55,56,57,60,62,69,74,78,851,77,9:11,13:7
2025304,2025-11-14,周五,01,06,17,19,21,30,31,32,33,35,42,49,50,52,59,65,66,68,75,78,829,77,11:9,10:10
2025305,2025-11-15,周六,01,08,09,10,15,18,21,27,32,40,41,43,46,47,50,54,56,60,67,74,719,73,9:11,10:10
2025306,2025-11-16,周日,03,06,07,14,17,20,21,31,32,36,44,47,48,51,52,55,61,70,76,77,768,74,10:10,10:10
2025307,2025-11-17,周一,03,06,12,13,14,16,26,27,41,42,45,49,52,55,63,66,72,75,79,80,836,77,10:10,12:8
2025308,2025-11-18,周二,05,07,08,11,16,17,21,25,29,36,37,39,41,42,46,53,59,62,75,77,706,72,14:6,8:12
2025309,2025-11-19,周三,09,19,20,21,23,30,38,39,40,41,44,48,53,54,58,60,61,65,68,72,863,63,9:11,11:9
2025310,2025-11-20,周四,01,06,07,11,14,15,18,28,30,31,35,48,55,59,61,65,67,69,70,76,766,75,12:8,9:11
2025311,2025-11-21,周五,02,04,15,19,23,24,29,34,37,43,44,55,56,60,62,66,70,73,77,79,872,77,10:10,11:9
2025312,2025-11-22,周六,03,07,16,17,18,19,23,24,26,29,30,37,43,48,57,62,67,72,79,80,757,77,11:9,8:12
2025313,2025-11-23,周日,01,07,22,23,28,29,31,37,43,49,53,55,57,63,64,69,73,76,79,80,939,79,15:5,12:8
2025314,2025-11-24,周一,05,14,15,16,39,40,41,43,44,48,49,53,57,58,60,63,73,76,79,80,953,75,11:9,14:6
2025315,2025-11-25,周二,03,06,08,09,10,14,15,19,23,26,38,40,47,58,61,68,69,74,75,80,743,77,9:11,8:12
2025316,2025-11-26,周三,06,09,16,17,18,20,28,31,33,42,53,54,55,57,60,62,65,67,72,75,840,69,10:10,11:9
2025317,2025-11-27,周四,01,09,10,14,17,21,29,31,36,38,41,44,55,56,58,62,67,68,74,79,810,78,10:10,10:10
2025318,2025-11-28,周五,01,04,15,17,26,27,30,31,36,37,40,41,47,53,54,62,66,74,75,78,814,77,10:10,9:11
2025319,2025-11-29,周六,02,07,08,10,11,21,26,27,28,29,39,46,48,59,61,62,74,77,78,79,792,77,10:10,9:11
2025320,2025-11-30,周日,01,03,08,12,16,17,20,22,25,27,30,32,46,48,52,53,55,62,65,78,672,77,8:12,8:12
2025321,2025-12-01,周一,07,13,14,15,16,18,19,33,35,40,48,52,54,66,69,71,72,74,75,76,867,69,9:11,10:10
2025322,2025-12-02,周二,01,05,06,10,11,17,22,25,28,34,36,39,41,47,57,62,65,71,73,76,726,75,12:8,8:12
2025323,2025-12-03,周三,01,13,18,19,22,24,35,40,44,45,50,51,53,54,57,63,69,71,73,75,877,74,13:7,12:8
2025324,2025-12-04,周四,09,13,20,26,28,32,39,42,43,46,47,49,50,60,61,62,63,64,66,79,899,70,9:11,13:7
2025325,2025-12-05,周五,05,08,10,15,16,17,19,22,26,34,37,41,47,55,57,62,63,65,67,75,741,70,13:7,9:11
2025326,2025-12-06,周六,07,17,22,24,27,28,37,41,42,49,51,53,57,58,69,73,76,77,79,80,967,73,13:7,13:7
2025327,2025-12-07,周日,06,07,10,15,16,17,19,21,22,25,27,35,36,40,44,45,47,56,62,74,624,68,10:10,6:14
2025328,2025-12-08,周一,01,04,06,10,13,27,28,31,38,48,53,58,60,61,68,71,73,74,77,79,880,78,10:10,11:9
2025329,2025-12-09,周二,02,04,10,11,15,17,18,23,26,27,30,33,41,48,52,54,55,59,60,69,654,67,10:10,8:12
2025330,2025-12-10,周三,11,16,17,27,30,31,33,34,37,38,39,44,50,55,58,61,63,70,71,74,859,63,11:9,9:11
2025331,2025-12-11,周四,05,06,07,08,14,18,22,23,25,31,40,52,59,63,71,72,73,76,77,79,821,74,11:9,9:11
2025332,2025-12-12,周五,02,05,06,08,10,16,26,27,35,40,48,49,54,56,57,58,61,72,73,79,782,77,8:12,10:10
2025333,2025-12-13,周六,04,09,11,16,19,20,22,24,28,32,33,37,38,41,46,49,66,71,72,74,712,70,8:12,7:13
2025334,2025-12-14,周日,02,03,08,16,18,24,30,32,33,35,36,42,49,54,63,64,72,74,77,78,810,76,6:14,9:11
2025335,2025-12-15,周一,02,05,13,14,16,17,27,34,39,45,48,50,55,57,58,60,74,76,78,79,847,77,9:11,11:9
2025336,2025-12-16,周二,01,06,08,10,11,13,20,26,27,29,41,43,54,55,59,61,62,71,76,80,753,79,11:9,10:10
2025337,2025-12-17,周三,03,06,08,10,16,20,28,32,33,43,46,48,49,53,60,68,69,76,77,78,823,75,7:13,11:9
2025338,2025-12-18,周四,02,03,09,11,14,25,28,29,34,36,38,39,49,50,58,68,69,71,77,78,788,76,10:10,8:12
2025339,2025-12-19,周五,03,06,07,09,14,19,25,26,31,32,35,36,37,38,60,62,66,67,68,75,716,72,10:10,6:14
2025340,2025-12-20,周六,01,09,14,15,16,20,21,24,29,31,40,45,46,47,49,63,65,68,71,74,748,73,12:8,9:11
2025341,2025-12-21,周日,04,08,09,11,15,19,21,23,24,25,26,37,38,43,45,46,52,63,64,74,647,70,11:9,7:13
2025342,2025-12-22,周一,05,06,10,22,25,33,41,42,53,55,58,59,60,63,66,70,71,73,77,80,969,75,11:9,14:6
2025343,2025-12-23,周二,04,11,23,26,29,30,33,35,44,46,49,50,55,56,58,60,62,65,69,80,885,76,9:11,12:8
2025344,2025-12-24,周三,01,04,06,11,12,20,23,26,30,33,37,40,44,50,52,53,67,68,72,73,722,72,8:12,8:12
2025345,2025-12-25,周四,06,10,11,12,14,19,30,32,35,38,39,41,43,45,46,48,61,67,76,79,752,73,10:10,9:11
2025346,2025-12-26,周五,03,06,08,13,14,23,25,26,28,30,33,38,40,41,42,48,51,56,68,69,662,66,8:12,7:13
2025347,2025-12-27,周六,03,10,11,14,17,20,22,28,34,40,45,46,48,51,55,56,67,71,72,73,783,70,9:11,10:10
2025348,2025-12-28,周日,02,19,20,22,24,25,30,33,35,39,41,49,53,54,55,60,63,66,75,80,845,78,11:9,10:10
2025349,2025-12-29,周一,07,08,18,20,22,23,28,40,41,43,45,47,48,51,53,58,64,67,78,80,841,73,9:11,12:8
2025350,2025-12-30,周二,01,05,06,20,24,30,32,33,35,36,37,38,40,52,55,62,64,70,72,76,788,75,6:14,7:13
2025351,2025-12-31,周三,05,12,14,17,19,21,24,25,31,32,39,42,46,49,50,52,57,63,68,72,738,67,10:10,9:11
2026001,2026-01-01,周四,02,05,06,11,24,25,27,32,34,35,39,41,44,51,54,62,70,71,72,75,780,73,10:10,9:11
2026002,2026-01-02,周五,03,08,10,17,22,24,25,28,39,51,61,62,67,69,70,71,72,73,74,80,926,77,10:10,11:9
2026003,2026-01-03,周六,02,07,14,16,22,25,28,31,39,42,47,53,54,55,61,68,69,72,73,78,856,76,10:10,11:9
2026004,2026-01-04,周日,04,05,09,13,16,21,23,24,32,35,37,38,45,50,52,54,55,62,63,64,702,60,10:10,8:12
2026005,2026-01-05,周一,07,08,09,14,18,21,24,26,33,35,41,43,49,54,56,59,60,63,68,76,764,69,10:10,10:10
2026006,2026-01-06,周二,03,05,07,09,19,28,30,32,34,38,49,52,56,61,62,66,73,76,78,79,857,76,9:11,10:10
2026007,2026-01-07,周三,03,13,15,18,20,21,25,32,42,43,45,54,57,62,63,68,72,74,76,80,883,77,9:11,12:8
2026008,2026-01-08,周四,02,04,15,20,21,23,24,34,47,50,51,52,57,58,60,61,66,71,77,79,872,77,10:10,12:8
2026009,2026-01-09,周五,03,04,08,17,18,31,34,37,42,46,47,55,56,61,65,70,74,75,76,80,899,77,9:11,12:8
2026010,2026-01-10,周六,06,07,13,16,19,27,33,37,39,42,43,44,55,59,62,64,65,67,76,80,854,74,12:8,11:9
2026011,2026-01-11,周日,01,03,12,16,22,25,27,30,32,49,52,56,59,61,62,63,66,68,69,79,852,78,10:10,11:9
2026012,2026-01-12,周一,04,11,12,15,16,20,21,26,27,28,30,32,33,41,53,60,62,64,65,76,696,72,8:12,7:13
2026013,2026-01-13,周二,01,05,09,10,11,12,14,15,16,22,28,32,37,41,44,64,72,77,78,80,668,79,8:12,7:13
2026014,2026-01-14,周三,06,12,13,14,18,24,28,29,30,34,38,43,49,52,59,60,64,74,78,80,805,74,5:15,9:11
2026015,2026-01-15,周四,02,08,09,11,14,17,18,19,27,29,31,34,36,41,55,60,64,70,72,79,696,77,10:10,7:13
2026016,2026-01-16,周五,04,19,24,27,28,35,36,38,39,45,50,56,58,59,60,61,64,66,73,78,920,74,8:12,11:9
2026017,2026-01-17,周六,11,15,28,33,36,37,38,46,47,50,51,52,61,62,63,67,68,71,73,80,989,69,11:9,13:7
2026018,2026-01-18,周日,11,12,14,15,18,21,22,23,29,32,33,35,40,41,55,65,69,74,75,78,762,67,12:8,7:13
2026019,2026-01-19,周一,16,20,21,23,24,37,48,51,52,53,54,59,60,62,66,68,75,76,77,78,1020,62,8:12,14:6
2026020,2026-01-20,周二,07,13,18,22,24,30,32,33,37,43,47,48,52,62,63,67,69,73,78,79,897,72,11:9,11:9
2026021,2026-01-21,周三,04,05,06,09,10,11,14,19,21,31,34,43,45,48,51,53,56,60,65,70,655,66,11:9,9:11
2026022,2026-01-22,周四,02,09,10,11,15,16,17,18,28,33,35,43,54,55,60,61,63,65,68,73,736,71,12:8,9:11
2026023,2026-01-23,周五,09,13,17,27,28,31,36,39,42,45,50,55,57,61,67,68,73,74,75,79,946,70,14:6,12:8
2026024,2026-01-24,周六,03,08,16,19,22,25,28,35,36,37,49,50,52,54,57,58,64,67,71,73,824,70,10:10,10:10
2026025,2026-01-25,周日,02,03,04,06,08,13,17,20,21,25,26,29,34,40,47,49,51,58,59,69,581,67,11:9,6:14
2026026,2026-01-26,周一,02,06,14,17,21,22,26,34,35,36,48,51,52,58,60,62,71,73,75,76,839,74,7:13,10:10
2026027,2026-01-27,周二,01,04,07,14,18,26,28,37,38,49,51,58,61,62,64,67,71,75,76,79,886,78,10:10,11:9
2026028,2026-01-28,周三,09,11,14,16,17,20,28,30,32,33,46,51,54,57,58,62,66,68,71,74,817,65,7:13,10:10
2026029,2026-01-29,周四,01,04,11,15,19,27,29,31,33,39,43,45,52,58,65,67,69,73,75,77,833,76,17:3,10:10
2026030,2026-01-30,周五,02,08,12,13,14,16,23,31,37,39,44,46,50,54,55,59,61,69,70,73,776,71,10:10,10:10
2026031,2026-01-31,周六,08,10,15,22,25,26,35,42,43,45,47,52,56,57,62,63,72,76,78,80,914,72,8:12,13:7
2026032,2026-02-01,周日,02,04,09,22,24,26,27,28,31,34,36,39,43,44,53,55,59,62,65,70,733,68,9:11,8:12
2026033,2026-02-02,周一,02,03,08,10,16,19,20,21,29,30,33,34,36,48,53,54,55,58,59,76,664,74,8:12,7:13
2026034,2026-02-03,周二,04,06,19,25,26,29,30,31,32,43,44,48,50,62,65,66,68,71,72,80,871,76,7:13,11:9
2026035,2026-02-04,周三,05,07,18,19,23,24,29,32,34,47,48,53,57,62,64,65,70,72,77,80,886,75,10:10,11:9
2026036,2026-02-05,周四,03,11,19,27,32,33,35,38,43,46,49,50,63,64,66,67,74,75,76,77,948,74,12:8,12:8
2026037,2026-02-06,周五,06,07,08,17,24,25,27,28,29,34,40,41,49,53,57,58,60,67,69,72,771,66,11:9,9:11
2026038,2026-02-07,周六,03,04,05,06,07,09,11,20,21,26,36,44,46,47,54,68,73,74,75,80,709,77,9:11,9:11
2026039,2026-02-08,周日,03,05,13,17,22,27,36,38,40,43,49,50,51,61,62,64,68,73,78,80,880,77,10:10,11:9
2026040,2026-02-09,周一,12,13,16,24,31,32,35,37,41,43,48,50,51,55,64,66,68,73,76,79,914,67,10:10,12:8
2026041,2026-02-10,周二,08,12,17,18,23,24,25,26,27,28,30,31,38,41,46,56,66,68,69,79,732,71,8:12,7:13
2026042,2026-02-11,周三,02,08,14,15,16,17,25,34,37,41,47,52,56,60,62,63,72,74,77,79,851,77,9:11,11:9
2026043,2026-02-12,周四,01,06,12,15,16,19,22,23,25,28,32,34,35,36,41,48,56,64,65,77,655,76,9:11,6:14
2026044,2026-02-13,周五,01,03,08,09,13,16,19,23,33,43,47,49,52,53,55,60,68,74,76,79,781,78,13:7,11:9
2026045,2026-02-24,周二,02,03,05,09,11,12,13,18,19,25,35,38,45,57,61,65,68,70,72,76,704,74,12:8,8:12
2026046,2026-02-25,周三,01,10,13,14,15,23,25,26,28,48,49,50,52,54,59,61,64,69,70,79,810,78,10:10,11:9
2026047,2026-02-26,周四,05,14,16,21,22,28,31,34,37,40,50,51,55,62,63,64,74,75,77,80,899,75,9:11,10:10
2026048,2026-02-27,周五,03,04,10,12,16,17,21,25,33,35,41,43,49,50,60,65,69,75,76,80,784,77,12:8,10:10
2026049,2026-02-28,周六,01,06,07,08,11,17,28,35,36,39,41,42,44,48,53,60,61,69,72,75,753,74,11:9,10:10
2026050,2026-03-01,周日,12,14,25,34,39,41,43,45,46,49,51,57,58,60,62,64,65,66,72,74,977,62,9:11,15:5
2026051,2026-03-02,周一,06,07,09,20,21,28,31,32,33,34,36,39,41,47,56,62,67,70,71,77,787,71,11:9,8:12
2026052,2026-03-03,周二,02,06,11,13,19,23,27,29,32,34,40,45,49,51,56,59,66,69,74,80,785,78,11:9,9:11
2026053,2026-03-04,周三,02,03,07,14,20,22,23,25,26,27,28,30,35,36,38,41,44,63,67,68,619,66,9:11,5:15
2026054,2026-03-05,周四,02,08,11,14,15,18,21,23,39,40,42,43,44,51,55,60,65,71,79,80,781,78,11:9,10:10
2026055,2026-03-06,周五,03,04,08,10,12,16,19,22,24,26,31,49,54,55,58,63,64,67,75,79,739,76,9:11,9:11
2026056,2026-03-07,周六,01,08,14,16,25,39,40,48,50,51,56,58,65,67,69,71,73,74,75,79,979,78,11:9,13:7
2026057,2026-03-08,周日,04,08,12,13,17,21,26,27,30,31,35,38,43,50,52,57,60,72,79,80,755,76,9:11,8:12
2026058,2026-03-09,周一,03,05,08,17,19,20,21,27,29,42,47,49,51,53,62,66,69,71,74,80,813,77,13:7,11:9
2026059,2026-03-10,周二,03,10,18,22,24,26,28,30,37,41,46,47,48,51,57,63,69,70,75,76,841,73,9:11,11:9
2026060,2026-03-11,周三,02,03,04,14,15,19,25,28,32,38,39,40,42,45,48,60,61,63,65,67,710,65,10:10,8:12
2026061,2026-03-12,周四,04,05,06,07,13,18,20,21,28,32,34,39,40,42,44,47,50,56,75,76,657,72,7:13,7:13
2026062,2026-03-13,周五,03,04,05,07,14,16,22,27,38,43,46,48,56,58,68,71,73,77,79,80,835,77,9:11,11:9
2026063,2026-03-14,周六,02,04,08,09,14,30,33,35,37,38,40,47,52,59,62,65,73,75,76,79,838,77,10:10,9:11
2026064,2026-03-15,周日,13,16,21,25,31,32,38,45,49,57,58,59,61,63,67,69,72,75,77,78,1006,65,14:6,13:7
2026065,2026-03-16,周一,01,02,04,07,09,11,14,16,24,32,34,37,48,49,50,52,53,59,63,70,635,69,9:11,8:12
2026066,2026-03-17,周二,02,03,04,06,08,17,20,27,30,37,41,43,54,56,57,58,60,63,65,69,720,67,10:10,10:10
2026067,2026-03-18,周三,10,11,12,13,14,16,19,23,24,26,39,42,43,50,53,61,62,66,75,80,739,70,9:11,9:11
2026068,2026-03-19,周四,01,04,10,18,19,20,22,31,35,36,44,49,50,52,61,67,68,74,75,78,814,77,8:12,10:10
2026069,2026-03-20,周五,01,05,06,09,15,19,21,25,31,40,47,50,54,56,59,62,65,67,72,80,784,79,12:8,10:10
2026070,2026-03-21,周六,01,03,04,07,11,19,25,27,37,38,42,45,46,48,54,56,69,72,76,77,757,76,11:9,10:10
2026071,2026-03-22,周日,02,03,08,12,13,14,15,21,25,29,42,44,45,46,47,48,52,58,63,66,653,64,9:11,10:10
2026072,2026-03-23,周一,01,05,19,22,28,30,34,37,38,40,41,44,48,50,51,54,59,74,75,80,830,79,8:12,10:10
2026073,2026-03-24,周二,02,03,06,08,09,20,26,27,29,35,52,57,64,67,73,74,75,76,79,80,862,78,10:10,10:10
2026074,2026-03-25,周三,02,05,07,08,11,13,15,16,20,31,32,33,41,43,52,62,70,71,72,73,677,71,11:9,8:12
2026075,2026-03-26,周四,01,04,17,18,21,22,23,24,25,30,41,47,48,50,54,55,56,57,62,78,733,77,9:11,10:10
2026076,2026-03-27,周五,06,10,12,14,16,21,24,38,39,40,46,48,52,58,61,69,71,74,75,77,851,71,7:13,10:10
2026077,2026-03-28,周六,03,06,19,21,24,32,36,37,44,45,51,55,58,61,62,66,71,73,74,75,913,72,11:9,12:8
2026078,2026-03-29,周日,01,06,07,11,15,21,24,27,31,32,34,38,46,49,52,60,67,71,73,74,739,73,11:9,8:12
2026079,2026-03-30,周一,04,10,12,23,38,39,41,44,45,50,51,55,57,60,64,66,68,73,75,76,951,72,9:11,14:6
2026080,2026-03-31,周二,07,11,14,24,25,27,32,33,34,46,49,52,54,56,59,60,61,66,69,72,851,65,9:11,11:9
2026081,2026-04-01,周三,01,02,08,09,11,12,20,32,34,39,42,43,53,54,55,58,59,63,66,77,738,76,10:10,10:10
2026082,2026-04-02,周四,02,05,11,16,23,25,26,29,33,39,57,62,64,68,69,74,76,77,79,80,915,78,11:9,10:10
2026083,2026-04-03,周五,01,02,07,13,14,18,23,27,28,38,41,48,51,54,63,65,68,71,75,78,785,77,11:9,10:10
2026084,2026-04-04,周六,05,08,17,33,34,35,38,42,43,46,49,50,57,59,60,66,71,72,74,80,939,75,9:11,13:7
2026085,2026-04-05,周日,01,03,04,11,13,14,26,31,33,38,40,50,56,58,61,63,65,66,69,79,781,78,11:9,9:11
2026086,2026-04-06,周一,01,03,05,07,11,15,17,24,28,29,34,39,45,47,53,57,63,66,72,79,695,78,15:5,8:12
2026087,2026-04-07,周二,02,05,07,10,14,23,24,32,37,41,42,44,45,46,48,63,64,71,73,76,767,74,9:11,11:9
2026088,2026-04-08,周三,08,09,13,14,18,22,25,33,39,40,44,46,49,55,64,66,68,71,77,80,841,72,9:11,10:10
2026089,2026-04-09,周四,03,12,29,30,31,33,42,45,50,54,56,57,62,63,66,68,71,74,77,80,1003,77,9:11,14:6
2026090,2026-04-10,周五,01,04,08,10,20,22,33,35,36,44,49,51,53,59,62,65,69,71,77,78,847,77,11:9,11:9
2026091,2026-04-11,周六,02,05,09,10,12,17,20,21,25,26,28,39,44,51,53,54,57,60,65,67,665,65,11:9,8:12
2026092,2026-04-12,周日,02,03,08,14,17,20,24,30,33,35,38,44,45,56,59,61,67,71,76,77,780,75,10:10,9:11
2026093,2026-04-13,周一,02,16,21,24,26,36,37,38,40,42,45,48,51,53,57,58,59,62,69,80,864,78,8:12,11:9
2026094,2026-04-14,周二,04,07,11,13,18,19,26,31,35,38,42,43,51,53,54,57,59,67,69,74,771,70,13:7,10:10
2026095,2026-04-15,周三,02,04,05,12,20,22,25,26,29,30,31,44,45,48,56,69,70,71,72,73,754,71,8:12,9:11
2026096,2026-04-16,周四,01,04,08,09,10,13,15,17,20,24,26,33,34,35,36,41,44,51,53,60,534,59,10:10,5:15
2026097,2026-04-17,周五,04,05,08,12,14,16,17,35,37,43,46,54,56,58,62,66,68,69,70,74,814,70,6:14,11:9
2026098,2026-04-18,周六,06,07,15,17,18,19,21,23,26,29,34,36,49,52,65,67,69,72,77,80,782,74,12:8,8:12
2026099,2026-04-19,周日,11,13,14,15,18,23,30,34,36,37,39,53,56,58,63,64,70,72,73,80,859,69,9:11,9:11
2026100,2026-04-20,周一,03,05,07,12,15,17,20,29,36,37,38,39,42,48,50,58,64,67,68,77,732,74,10:10,8:12
2026101,2026-04-21,周二,04,06,11,18,21,23,32,38,39,40,45,46,50,52,55,59,61,63,64,67,794,63,10:10,10:10
2026102,2026-04-22,周三,06,09,15,17,21,27,28,33,37,39,40,41,42,46,47,64,70,77,78,79,816,73,12:8,9:11
2026103,2026-04-23,周四,04,06,11,13,15,20,25,27,30,34,35,45,48,52,54,57,60,64,67,80,747,76,9:11,9:11
2026104,2026-04-24,周五,05,18,20,31,35,41,42,44,46,48,49,52,55,57,63,64,70,72,75,79,966,74,10:10,15:5
2026105,2026-04-25,周六,02,06,12,13,14,18,29,31,33,34,35,36,50,67,68,70,71,72,76,77,814,75,8:12,8:12
2026106,2026-04-26,周日,10,11,12,18,27,28,30,32,38,42,46,53,62,65,67,69,71,73,75,76,905,66,9:11,11:9
2026107,2026-04-27,周一,02,08,16,21,24,28,29,34,37,39,44,51,53,54,55,57,66,69,75,79,841,77,11:9,10:10
2026108,2026-04-28,周二,03,04,16,18,27,29,32,33,41,45,46,47,49,50,53,61,66,74,77,80,851,77,11:9,12:8
2026109,2026-04-29,周三,05,11,18,23,24,25,30,33,36,37,38,39,40,57,61,64,66,70,71,76,824,71,10:10,7:13
2026110,2026-04-30,周四,10,13,14,26,27,29,30,39,43,46,47,51,53,55,57,58,68,71,75,76,888,66,12:8,12:8
2026111,2026-05-01,周五,01,09,10,13,18,19,21,23,25,32,38,41,45,46,54,59,61,64,68,79,726,78,12:8,9:11
2026112,2026-05-02,周六,10,12,23,27,36,38,41,45,47,50,53,58,61,62,65,67,69,72,75,76,987,66,11:9,14:6
2026113,2026-05-03,周日,02,05,06,09,17,19,20,26,29,31,32,33,37,40,44,53,58,62,71,78,672,76,10:10,6:14
2026114,2026-05-04,周一,01,05,11,12,20,24,25,32,33,37,39,45,46,52,53,54,56,57,69,77,748,76,12:8,9:11
2026115,2026-05-05,周二,05,06,07,12,14,25,26,30,31,33,36,43,44,48,51,57,70,75,77,80,770,75,10:10,9:11
2026116,2026-05-06,周三,03,11,16,22,27,31,32,36,40,47,48,58,62,65,67,69,70,74,75,80,933,77,9:11,11:9
2026117,2026-05-07,周四,04,15,19,20,24,26,29,39,42,44,45,48,49,55,56,60,61,66,75,77,854,73,10:10,12:8
2026118,2026-05-08,周五,02,07,08,09,12,17,18,33,36,39,44,46,61,66,68,69,71,72,75,80,833,78,9:11,10:10
2026119,2026-05-09,周六,03,12,14,15,17,22,23,27,31,39,43,46,48,53,54,64,66,69,77,78,801,75,11:9,10:10
2026120,2026-05-10,周日,02,03,06,10,16,21,35,37,43,45,52,54,57,63,67,68,70,76,78,80,883,78,9:11,12:8
2026121,2026-05-11,周一,02,16,18,19,26,32,33,38,39,42,49,50,52,54,60,61,63,65,72,78,869,76,7:13,11:9
2026122,2026-05-12,周二,01,07,09,15,19,26,27,28,30,36,45,50,56,57,58,61,63,66,76,78,808,77,10:10,10:10
2026123,2026-05-13,周三,11,14,17,21,23,24,30,34,41,43,50,51,52,58,62,71,74,75,78,80,909,69,9:11,12:8
2026124,2026-05-14,周四,03,07,08,09,14,23,31,34,35,37,38,40,43,47,61,63,66,71,76,78,784,75,12:8,8:12
2026125,2026-05-15,周五,09,30,38,39,40,41,43,44,45,46,47,51,53,54,56,58,60,67,76,77,974,68,10:10,15:5
2026126,2026-05-16,周六,01,04,10,11,12,16,22,23,29,36,39,43,52,57,59,60,61,62,64,74,735,73,9:11,9:11
2026127,2026-05-17,周日,01,05,10,14,15,27,31,33,34,47,51,54,57,63,65,66,69,73,77,78,870,77,14:6,11:9
2026128,2026-05-18,周一,04,05,11,13,17,19,26,28,38,39,41,43,45,46,47,51,53,60,75,76,737,72,13:7,10:10
2026129,2026-05-19,周二,03,08,09,12,17,25,28,29,33,36,38,43,49,59,60,62,63,66,76,78,794,75,10:10,9:11
2026130,2026-05-20,周三,02,07,08,10,18,21,22,26,28,30,31,32,33,39,41,49,52,62,64,67,642,65,8:12,6:14
2026131,2026-05-21,周四,07,19,25,28,32,33,36,38,43,44,46,50,55,61,65,70,71,72,73,79,947,72,11:9,12:8
2026132,2026-05-22,周五,08,09,11,12,13,16,18,19,32,37,38,40,42,53,56,57,63,68,77,78,747,70,9:11,8:12
2026133,2026-05-23,周六,01,06,09,16,18,19,21,26,27,29,55,58,59,60,62,66,73,74,76,80,835,79,9:11,10:10
2026134,2026-05-24,周日,06,12,19,20,21,22,27,30,31,32,34,42,51,54,57,66,70,71,72,75,812,69,8:12,9:11
2026135,2026-05-25,周一,08,13,20,23,24,27,29,37,42,48,49,50,51,57,59,60,64,65,67,77,870,69,12:8,12:8
2026136,2026-05-26,周二,02,06,11,14,17,20,24,33,35,40,42,45,49,50,51,52,57,60,64,75,747,73,9:11,10:10
2026137,2026-05-27,周三,04,08,09,13,14,15,16,17,18,23,28,39,47,48,53,56,63,66,77,79,693,75,11:9,8:12
2026138,2026-05-28,周四,02,06,08,10,11,14,19,22,26,30,31,33,47,53,56,62,63,73,76,77,719,75,9:11,8:12
2026139,2026-05-29,周五,02,06,07,09,10,11,14,19,22,23,26,30,36,40,41,44,47,51,53,60,551,58,9:11,6:14
2026140,2026-05-30,周六,01,03,11,12,16,18,23,24,31,35,37,39,40,54,61,64,65,69,71,79,753,78,13:7,7:13
2026141,2026-05-31,周日,06,09,10,20,21,28,33,38,48,49,52,54,57,64,66,70,72,74,75,77,923,71,7:13,12:8
2026142,2026-06-01,周一,02,04,10,14,18,21,26,35,39,40,41,48,50,53,57,59,65,73,75,76,806,74,10:10,10:10
2026143,2026-06-02,周二,02,03,07,11,14,23,30,31,34,38,39,41,47,51,52,60,63,68,72,78,764,76,10:10,9:11
2026144,2026-06-03,周三,03,04,12,24,27,30,34,50,53,55,61,63,65,69,70,72,74,75,76,77,994,74,10:10,13:7
2026145,2026-06-04,周四,02,04,05,15,19,24,27,29,32,33,36,38,50,52,60,64,66,69,74,75,774,73,8:12,8:12
2026146,2026-06-05,周五,04,07,09,10,14,27,38,39,40,43,44,45,48,50,54,56,66,70,77,78,819,74,7:13,11:9
2026147,2026-06-06,周六,03,06,07,10,11,12,14,17,22,24,28,35,37,38,45,50,52,67,77,79,634,76,10:10,6:14
2026148,2026-06-07,周日,01,02,07,11,17,18,26,28,30,38,41,42,43,54,59,62,69,71,74,79,772,78,10:10,10:10
2026149,2026-06-08,周一,02,04,10,12,13,17,23,30,31,33,37,43,47,55,58,62,65,72,75,77,766,75,12:8,9:11
2026150,2026-06-09,周二,07,08,12,18,19,23,24,27,53,54,56,57,59,60,62,70,74,77,78,79,917,72,9:11,12:8
2026151,2026-06-10,周三,03,04,06,10,12,21,24,36,37,38,41,42,44,45,49,52,70,73,77,78,762,75,8:12,10:10
2026152,2026-06-11,周四,01,03,13,16,18,25,32,35,37,44,45,47,58,59,60,63,66,68,72,75,837,74,11:9,11:9
2026153,2026-06-12,周五,01,07,17,19,20,21,22,23,35,37,43,44,49,51,53,59,66,71,77,78,793,77,15:5,10:10
2026154,2026-06-13,周六,07,10,12,13,17,18,26,29,33,38,41,47,50,54,56,57,58,62,68,73,769,66,9:11,10:10
2026155,2026-06-14,周日,07,10,11,12,17,18,24,27,30,31,32,34,42,49,54,59,64,65,71,72,729,65,9:11,8:12
2026156,2026-06-15,周一,02,05,09,11,16,17,19,27,39,48,49,54,62,63,66,69,70,71,73,76,846,74,12:8,11:9
2026157,2026-06-16,周二,01,03,06,08,14,18,29,38,39,42,44,46,49,51,57,58,61,75,77,80,796,79,10:10,11:9
2026158,2026-06-17,周三,05,11,12,15,20,23,28,29,37,38,45,49,51,55,63,64,65,69,77,79,835,74,15:5,10:10
2026159,2026-06-18,周四,04,05,08,12,22,23,26,27,35,39,47,50,56,58,60,61,66,70,71,77,817,73,9:11,10:10
2026160,2026-06-19,周五,02,04,06,09,13,26,32,36,38,41,44,47,56,58,60,69,72,76,78,80,847,78,5:15,11:9
2026161,2026-06-20,周六,02,14,15,23,28,30,35,39,43,44,49,50,51,53,57,60,62,69,74,76,874,74,10:10,12:8
2026162,2026-06-21,周日,01,02,08,13,16,18,19,30,33,37,39,40,56,57,63,69,71,73,76,78,799,77,11:9,8:12
2026163,2026-06-22,周一,08,09,11,14,18,22,28,35,37,40,41,42,45,50,54,58,70,71,73,74,800,66,8:12,10:10
2026164,2026-06-23,周二,01,03,04,05,13,17,19,25,30,34,38,46,56,58,59,60,63,69,76,80,756,79,10:10,9:11
2026165,2026-06-24,周三,01,09,10,12,26,31,33,35,39,42,46,48,49,57,61,64,65,66,67,74,835,73,11:9,11:9
2026166,2026-06-25,周四,02,08,14,16,17,24,25,27,30,31,41,48,50,55,61,70,71,73,76,79,818,77,10:10,10:10
2026167,2026-06-26,周五,01,03,12,13,15,16,17,22,24,28,33,34,35,40,45,47,54,66,68,74,647,73,9:11,6:14
2026168,2026-06-27,周六,02,06,08,09,20,21,24,25,31,33,42,44,46,48,55,61,64,66,72,77,754,75,8:12,10:10
2026169,2026-06-28,周日,04,05,06,18,21,25,26,27,31,33,37,39,40,43,52,56,58,61,62,73,717,69,11:9,7:13
2026170,2026-06-29,周一,02,03,07,09,16,20,21,23,24,25,27,33,35,36,41,43,49,51,57,65,587,63,15:5,6:14
2026171,2026-06-30,周二,06,08,11,16,20,22,23,30,31,33,38,39,41,44,53,54,55,62,63,79,728,73,10:10,8:12
2026172,2026-07-01,周三,04,05,11,16,17,19,20,26,37,44,46,47,51,55,61,63,66,68,70,75,801,71,11:9,11:9
2026173,2026-07-02,周四,01,03,05,08,09,12,19,24,27,30,32,47,51,52,59,64,67,74,75,80,739,79,11:9,9:11
2026174,2026-07-03,周五,02,07,11,13,18,21,23,25,30,31,48,53,54,55,61,62,69,76,77,80,816,78,12:8,10:10
2026175,2026-07-04,周六,09,15,16,21,27,32,33,34,36,38,39,44,45,54,60,67,77,78,79,80,884,71,10:10,9:11
2026176,2026-07-05,周日,07,08,14,21,22,26,29,33,36,39,40,57,59,63,64,67,70,72,73,76,876,69,10:10,9:11
2026177,2026-07-06,周一,11,15,16,20,33,35,37,39,42,46,49,50,54,56,61,62,71,73,76,79,925,68,11:9,12:8
2026178,2026-07-07,周二,05,10,12,19,20,26,27,30,35,38,44,45,46,47,49,54,56,61,72,77,773,72,9:11,10:10
2026179,2026-07-08,周三,01,10,12,13,14,15,19,27,29,32,40,43,49,53,59,62,69,72,73,80,772,79,12:8,9:11
2026180,2026-07-09,周四,01,02,05,12,19,23,36,37,41,42,50,53,56,59,64,68,72,73,74,77,864,76,10:10,12:8
2026181,2026-07-10,周五,06,10,12,18,22,28,30,33,35,38,42,48,58,59,63,64,65,71,76,79,857,73,7:13,10:10
2026182,2026-07-11,周六,01,02,03,06,12,17,23,25,28,39,48,49,52,53,55,63,68,69,73,78,764,77,12:8,10:10
2026183,2026-07-12,周日,01,09,10,11,14,15,22,42,45,55,57,62,65,66,68,69,73,76,77,80,917,79,11:9,13:7
2026184,2026-07-13,周一,03,04,06,07,09,10,11,13,25,32,33,43,57,59,66,69,72,73,77,78,747,75,13:7,9:11
2026185,2026-07-14,周二,04,06,12,15,24,30,33,35,39,40,42,45,48,58,60,61,66,67,69,80,834,76,8:12,10:10
2026186,2026-07-15,周三,01,07,11,18,21,23,26,28,30,34,37,41,44,45,46,58,65,67,71,80,753,79,11:9,9:11
2026187,2026-07-16,周四,02,03,08,09,11,12,15,25,27,31,33,34,38,55,57,62,69,72,75,78,716,76,12:8,7:13
2026188,2026-07-17,周五,04,11,13,17,18,20,21,23,25,27,29,38,44,56,61,62,65,67,75,79,755,75,13:7,8:12
2026189,2026-07-18,周六,01,05,06,12,14,18,22,27,29,32,35,42,49,55,57,59,69,71,74,78,755,77,11:9,9:11
2026190,2026-07-19,周日,02,03,07,10,23,30,32,39,40,41,42,44,45,46,51,53,59,61,67,80,775,78,11:9,11:9
2026191,2026-07-20,周一,01,02,05,06,13,15,23,28,32,34,37,42,45,46,53,55,71,73,75,77,733,76,13:7,9:11
2026192,2026-07-21,周二,04,10,12,15,16,18,19,27,28,32,36,46,49,51,54,62,69,70,73,75,766,71,8:12,9:11
2026193,2026-07-22,周三,03,07,15,22,29,30,37,40,42,48,51,52,61,62,64,66,71,74,75,78,927,75,9:11,12:8
2026194,2026-07-23,周四,02,05,06,12,19,20,29,35,37,39,46,47,48,51,54,59,66,72,74,78,799,76,9:11,10:10
2026195,2026-07-24,周五,07,10,14,17,18,19,23,24,27,30,31,37,40,41,46,47,49,63,64,75,682,68,12:8,7:13
2026196,2026-07-25,周六,04,06,14,29,32,36,39,40,42,43,44,53,56,61,67,68,69,70,73,79,925,75,9:11,12:8
2026197,2026-07-26,周日,02,06,11,12,13,17,19,27,35,39,42,44,45,53,58,64,71,72,74,75,779,73,11:9,10:10
2026198,2026-07-27,周一,05,09,18,19,24,26,30,34,42,46,47,49,51,54,55,56,62,73,74,75,849,70,9:11,12:8
2026199,2026-07-28,周二,04,14,17,18,20,21,26,27,29,34,44,48,50,53,55,59,62,67,76,79,803,75,9:11,10:10
2026200,2026-07-29,周三,02,04,17,25,29,31,32,33,35,37,42,44,45,51,56,57,59,60,64,66,789,64,11:9,10:10
2026201,2026-07-30,周四,02,03,12,13,17,20,24,27,31,32,40,45,50,52,61,67,71,76,79,80,802,78,10:10,9:11
2026202,2026-07-31,周五,01,04,07,10,12,15,16,17,26,29,32,40,42,44,49,65,68,73,77,78,705,77,9:11,8:12
2026203,2026-08-01,周六,02,09,10,21,22,24,29,32,38,40,42,50,51,53,58,60,63,67,70,74,815,72,7:13,10:10
2026204,2026-08-02,周日,03,10,13,21,22,24,28,37,38,46,51,52,54,56,59,60,65,66,70,73,848,70,8:12,11:9
2026205,2026-08-03,周一,04,05,09,10,11,19,28,31,32,35,36,39,43,47,53,56,59,70,77,79,743,75,13:7,8:12
2026206,2026-08-04,周二,01,06,07,16,17,21,27,32,33,36,44,47,50,51,55,62,64,76,78,79,802,78,10:10,10:10
2026207,2026-08-05,周三,02,10,16,18,19,20,28,33,39,41,46,49,51,57,60,63,64,65,71,76,828,74,10:10,11:9
2026208,2026-08-06,周四,08,11,12,13,14,15,16,23,25,28,34,37,38,43,45,48,58,70,73,77,688,69,10:10,7:13
2026209,2026-08-07,周五,02,04,10,11,14,16,18,23,32,35,37,45,47,51,52,53,59,67,75,80,731,78,11:9,9:11
2026210,2026-08-08,周六,03,04,07,12,14,15,17,21,22,24,27,29,45,47,56,60,72,74,78,80,707,77,9:11,8:12
2026211,2026-08-09,周日,04,05,08,12,14,20,23,24,25,30,35,37,46,51,53,60,74,75,77,78,751,74,9:11,8:12
2026212,2026-08-10,周一,01,08,10,12,14,15,26,31,37,42,45,48,58,61,66,71,72,74,77,79,847,78,9:11,11:9
2026213,2026-08-11,周二,06,07,08,11,12,13,18,21,33,36,37,42,44,56,57,58,60,66,71,80,736,74,8:12,9:11
2026214,2026-08-12,周三,02,07,12,18,20,21,23,25,32,34,35,37,40,45,47,51,55,59,61,71,695,69,13:7,7:13
2026215,2026-08-13,周四,01,09,14,19,21,22,24,27,36,41,44,51,55,60,61,69,71,76,78,80,859,79,11:9,11:9
2026216,2026-08-14,周五,02,03,13,19,22,24,25,28,29,42,43,45,49,62,63,69,70,72,76,80,836,78,10:10,11:9
2026217,2026-08-15,周六,07,08,10,11,14,18,20,21,24,28,29,33,41,46,67,68,74,76,77,78,750,71,8:12,8:12
2026218,2026-08-16,周日,03,05,07,11,15,17,18,19,22,24,29,41,43,47,49,50,59,62,78,80,679,77,13:7,9:11
2026219,2026-08-17,周一,02,03,05,06,13,15,20,35,36,39,47,48,51,58,65,67,72,73,79,80,814,78,12:8,10:10
2026220,2026-08-18,周二,05,06,10,12,17,20,21,23,24,25,33,35,38,39,40,41,43,49,67,71,619,66,13:7,5:15
2026221,2026-08-19,周三,01,02,03,05,10,18,21,25,28,34,35,41,48,51,54,58,59,60,77,79,709,78,11:9,9:11
2026222,2026-08-20,周四,02,05,07,09,17,18,21,25,28,31,32,33,34,35,38,51,57,58,61,65,627,63,13:7,5:15
2026223,2026-08-21,周五,03,19,22,27,28,33,34,35,36,40,50,51,54,57,64,67,68,69,75,79,911,76,11:9,10:10
2026224,2026-08-22,周六,03,06,15,19,20,22,23,24,27,29,36,42,45,46,49,55,56,75,76,78,746,75,10:10,9:11
2026225,2026-08-23,周日,03,04,07,12,13,16,20,21,25,26,32,41,43,44,47,53,60,68,73,76,684,73,10:10,9:11
2026226,2026-08-24,周一,08,09,10,15,16,20,30,34,36,37,43,45,46,47,48,50,53,62,65,66,740,58,8:12,10:10
2026227,2026-08-25,周二,04,09,10,12,17,18,22,28,33,38,42,44,47,48,61,63,64,67,73,74,774,70,8:12,10:10
2026228,2026-08-26,周三,08,13,15,17,19,23,24,27,28,35,40,41,42,45,46,47,52,56,67,80,725,72,11:9,9:11
2026229,2026-08-27,周四,14,26,33,39,41,47,48,56,59,61,64,65,66,68,71,72,76,77,78,80,1141,66,9:11,16:4
2026230,2026-08-28,周五,03,07,08,13,14,21,24,28,33,35,38,44,50,51,54,59,69,74,77,78,780,75,10:10,9:11
2026231,2026-08-29,周六,12,17,26,28,31,34,37,42,44,51,52,55,59,60,61,62,68,74,75,79,967,67,9:11,13:7
2026232,2026-08-30,周日,01,05,09,11,14,27,29,32,36,41,54,55,57,61,63,67,69,71,73,79,854,78,16:4,11:9
2026233,2026-08-31,周一,03,05,07,17,19,24,26,30,31,34,35,36,42,44,52,53,55,63,65,66,707,63,11:9,8:12
2026234,2026-09-01,周二,03,08,15,21,36,37,42,44,46,50,52,55,56,57,60,61,68,72,75,79,937,76,9:11,14:6
2026235,2026-09-02,周三,02,11,14,19,21,23,36,48,50,51,53,60,62,64,66,72,73,75,78,80,958,78,8:12,13:7
2026236,2026-09-03,周四,15,19,24,25,28,29,31,37,45,50,55,56,61,62,64,65,70,75,76,80,967,65,11:9,12:8
2026237,2026-09-04,周五,02,06,09,13,15,17,18,20,21,30,37,43,48,51,53,55,58,68,74,77,715,75,11:9,9:11
2026238,2026-09-05,周六,01,04,06,11,12,16,17,20,22,32,41,47,51,52,62,63,64,68,72,75,736,74,8:12,10:10
2026239,2026-09-06,周日,14,17,20,21,26,27,29,30,37,44,45,47,54,55,61,65,68,69,77,79,885,65,13:7,11:9
2026240,2026-09-07,周一,02,06,09,10,16,21,27,28,32,33,38,39,55,63,64,66,67,70,75,78,799,76,9:11,8:12
2026241,2026-09-08,周二,07,09,15,16,18,19,32,33,36,37,40,52,53,60,62,63,66,68,69,73,828,66,10:10,9:11
2026242,2026-09-09,周三,04,20,28,32,35,37,39,44,48,50,52,53,55,56,57,63,71,72,76,77,969,73,9:11,13:7
2026243,2026-09-10,周四,01,02,03,09,21,29,31,36,37,41,43,46,50,55,64,67,68,70,74,76,823,75,11:9,11:9
2026244,2026-09-11,周五,01,04,07,08,10,12,34,46,47,53,55,56,59,61,63,65,71,73,78,79,882,78,12:8,13:7
2026245,2026-09-12,周六,05,06,09,15,18,25,26,27,30,31,34,36,39,43,44,48,54,63,65,77,695,72,11:9,7:13
2026246,2026-09-13,周日,03,08,10,16,18,20,23,29,31,35,51,53,54,56,58,69,70,75,78,80,837,77,9:11,10:10
2026247,2026-09-14,周一,05,07,19,22,28,29,38,39,41,42,43,44,55,58,61,65,66,71,72,73,878,68,12:8,12:8
2026248,2026-09-15,周二,03,05,09,15,23,28,31,33,34,35,39,42,48,50,53,70,73,74,76,78,819,75,11:9,9:11
2026249,2026-09-16,周三,04,08,10,11,13,26,29,34,41,50,51,52,53,57,59,65,66,73,74,77,853,73,11:9,12:8
2026250,2026-09-17,周四,04,05,06,08,17,22,23,31,35,47,49,51,59,60,62,65,67,68,76,78,833,74,11:9,11:9
2026251,2026-09-18,周五,01,04,08,09,10,11,18,26,28,29,43,49,51,52,53,54,62,66,70,76,720,75,8:12,10:10
2026252,2026-09-19,周六,02,03,04,08,36,38,40,41,46,49,50,52,53,56,57,62,63,65,68,72,865,70,7:13,13:7
2026253,2026-09-20,周日,01,02,08,17,23,24,29,31,40,41,46,47,51,54,59,62,65,72,74,79,825,78,11:9,11:9
2026254,2026-09-21,周一,02,04,10,13,18,20,21,26,32,37,43,49,50,57,62,66,69,73,78,80,810,78,8:12,10:10
2026255,2026-09-22,周二,02,09,12,16,18,23,26,31,36,44,47,52,54,55,59,60,61,66,72,77,820,75,8:12,11:9
2026256,2026-09-23,周三,01,02,06,11,12,14,15,22,24,32,33,35,38,46,67,68,71,73,74,76,720,75,8:12,7:13
2026257,2026-09-24,周四,01,04,07,08,10,13,23,24,31,33,39,40,47,48,58,61,65,74,76,79,741,78,11:9,8:12
2026258,2026-09-25,周五,07,13,14,15,17,19,20,24,28,30,35,44,50,51,54,57,60,64,75,78,755,71,9:11,9:11
2026259,2026-09-26,周六,05,06,13,26,29,30,34,36,44,50,54,56,61,62,66,73,74,76,79,80,954,75,6:14,12:8
2026260,2026-09-27,周日,02,07,16,19,21,25,30,31,33,35,42,45,50,52,53,55,56,60,63,72,767,70,11:9,10:10
2026261,2026-09-28,周一,01,11,17,21,23,27,28,35,37,42,45,46,48,61,72,73,75,78,79,80,899,79,13:7,11:9
2026262,2026-09-29,周二,04,06,09,12,15,17,20,33,42,44,49,54,55,59,61,65,72,73,78,80,848,76,10:10,12:8
2026263,2026-09-30,周三,07,08,09,10,11,13,22,24,25,26,31,33,37,45,50,51,62,67,70,80,681,73,11:9,7:13
2026264,2026-10-05,周一,05,15,16,21,24,30,34,37,42,47,54,60,62,63,64,66,73,77,79,80,949,75,9:11,12:8
2026265,2026-10-06,周二,02,07,09,12,13,20,23,25,31,34,35,36,39,50,51,56,59,73,77,78,730,76,12:8,7:13
2026266,2026-10-07,周三,02,04,08,09,14,32,36,45,48,51,52,54,56,57,64,65,66,72,73,77,885,75,7:13,13:7
2026267,2026-10-08,周四,03,16,20,26,29,35,41,42,43,44,45,49,50,54,59,60,61,68,74,79,898,76,10:10,14:6
2026268,2026-10-09,周五,01,02,06,07,16,19,26,31,35,40,45,46,48,49,52,59,62,68,73,79,764,78,10:10,10:10
2026269,2026-10-10,周六,01,02,03,07,11,13,15,18,25,27,30,35,44,46,55,57,60,63,70,73,655,72,13:7,8:12
